Data Series,Reporting Period,value,timestamp,month,sin_month,cos_month,lag_1,lag_2,lag_3,lag_4,lag_5,lag_6,lag_7,lag_8,lag_9,lag_10,lag_11,lag_12,is_covid,monthly_avg
Malay Heritage Centre,2015 Jan,36.2,2015-01-01,1,0.49999999999999994,0.8660254037844387,9.1,14.1,18.0,12.3,17.9,15.4,12.2,15.4,13.0,15.4,12.1,11.6,0,
Malay Heritage Centre,2015 Feb,36.8,2015-02-01,2,0.8660254037844386,0.5000000000000001,36.2,9.1,14.1,18.0,12.3,17.9,15.4,12.2,15.4,13.0,15.4,12.1,0,
Malay Heritage Centre,2015 Mar,36.1,2015-03-01,3,1.0,6.123233995736766e-17,36.8,36.2,9.1,14.1,18.0,12.3,17.9,15.4,12.2,15.4,13.0,15.4,0,
Malay Heritage Centre,2015 Apr,33.3,2015-04-01,4,0.8660254037844387,-0.4999999999999998,36.1,36.8,36.2,9.1,14.1,18.0,12.3,17.9,15.4,12.2,15.4,13.0,0,
Malay Heritage Centre,2015 May,37.6,2015-05-01,5,0.49999999999999994,-0.8660254037844387,33.3,36.1,36.8,36.2,9.1,14.1,18.0,12.3,17.9,15.4,12.2,15.4,0,
Malay Heritage Centre,2015 Jun,38.2,2015-06-01,6,1.2246467991473532e-16,-1.0,37.6,33.3,36.1,36.8,36.2,9.1,14.1,18.0,12.3,17.9,15.4,12.2,0,
Malay Heritage Centre,2015 Jul,47.2,2015-07-01,7,-0.4999999999999997,-0.8660254037844388,38.2,37.6,33.3,36.1,36.8,36.2,9.1,14.1,18.0,12.3,17.9,15.4,0,
Malay Heritage Centre,2015 Aug,59.2,2015-08-01,8,-0.8660254037844385,-0.5000000000000004,47.2,38.2,37.6,33.3,36.1,36.8,36.2,9.1,14.1,18.0,12.3,17.9,0,
Malay Heritage Centre,2015 Sep,33.9,2015-09-01,9,-1.0,-1.8369701987210297e-16,59.2,47.2,38.2,37.6,33.3,36.1,36.8,36.2,9.1,14.1,18.0,12.3,0,
Malay Heritage Centre,2015 Oct,43.1,2015-10-01,10,-0.8660254037844386,0.5000000000000001,33.9,59.2,47.2,38.2,37.6,33.3,36.1,36.8,36.2,9.1,14.1,18.0,0,
Malay Heritage Centre,2015 Nov,44.3,2015-11-01,11,-0.5000000000000004,0.8660254037844384,43.1,33.9,59.2,47.2,38.2,37.6,33.3,36.1,36.8,36.2,9.1,14.1,0,
Malay Heritage Centre,2015 Dec,51.0,2015-12-01,12,-2.4492935982947064e-16,1.0,44.3,43.1,33.9,59.2,47.2,38.2,37.6,33.3,36.1,36.8,36.2,9.1,0,
Malay Heritage Centre,2016 Jan,34.7,2016-01-01,1,0.49999999999999994,0.8660254037844387,51.0,44.3,43.1,33.9,59.2,47.2,38.2,37.6,33.3,36.1,36.8,36.2,0,
Malay Heritage Centre,2016 Feb,31.8,2016-02-01,2,0.8660254037844386,0.5000000000000001,34.7,51.0,44.3,43.1,33.9,59.2,47.2,38.2,37.6,33.3,36.1,36.8,0,
Malay Heritage Centre,2016 Mar,49.9,2016-03-01,3,1.0,6.123233995736766e-17,31.8,34.7,51.0,44.3,43.1,33.9,59.2,47.2,38.2,37.6,33.3,36.1,0,
Malay Heritage Centre,2016 Apr,35.9,2016-04-01,4,0.8660254037844387,-0.4999999999999998,49.9,31.8,34.7,51.0,44.3,43.1,33.9,59.2,47.2,38.2,37.6,33.3,0,
Malay Heritage Centre,2016 May,43.9,2016-05-01,5,0.49999999999999994,-0.8660254037844387,35.9,49.9,31.8,34.7,51.0,44.3,43.1,33.9,59.2,47.2,38.2,37.6,0,
Malay Heritage Centre,2016 Jun,43.4,2016-06-01,6,1.2246467991473532e-16,-1.0,43.9,35.9,49.9,31.8,34.7,51.0,44.3,43.1,33.9,59.2,47.2,38.2,0,
Malay Heritage Centre,2016 Jul,55.0,2016-07-01,7,-0.4999999999999997,-0.8660254037844388,43.4,43.9,35.9,49.9,31.8,34.7,51.0,44.3,43.1,33.9,59.2,47.2,0,
Malay Heritage Centre,2016 Aug,50.4,2016-08-01,8,-0.8660254037844385,-0.5000000000000004,55.0,43.4,43.9,35.9,49.9,31.8,34.7,51.0,44.3,43.1,33.9,59.2,0,
Malay Heritage Centre,2016 Sep,37.8,2016-09-01,9,-1.0,-1.8369701987210297e-16,50.4,55.0,43.4,43.9,35.9,49.9,31.8,34.7,51.0,44.3,43.1,33.9,0,
Malay Heritage Centre,2016 Oct,41.6,2016-10-01,10,-0.8660254037844386,0.5000000000000001,37.8,50.4,55.0,43.4,43.9,35.9,49.9,31.8,34.7,51.0,44.3,43.1,0,
Malay Heritage Centre,2016 Nov,40.7,2016-11-01,11,-0.5000000000000004,0.8660254037844384,41.6,37.8,50.4,55.0,43.4,43.9,35.9,49.9,31.8,34.7,51.0,44.3,0,
Malay Heritage Centre,2016 Dec,43.1,2016-12-01,12,-2.4492935982947064e-16,1.0,40.7,41.6,37.8,50.4,55.0,43.4,43.9,35.9,49.9,31.8,34.7,51.0,0,
Malay Heritage Centre,2017 Jan,49.3,2017-01-01,1,0.49999999999999994,0.8660254037844387,43.1,40.7,41.6,37.8,50.4,55.0,43.4,43.9,35.9,49.9,31.8,34.7,0,
Malay Heritage Centre,2017 Feb,57.3,2017-02-01,2,0.8660254037844386,0.5000000000000001,49.3,43.1,40.7,41.6,37.8,50.4,55.0,43.4,43.9,35.9,49.9,31.8,0,
Malay Heritage Centre,2017 Mar,59.7,2017-03-01,3,1.0,6.123233995736766e-17,57.3,49.3,43.1,40.7,41.6,37.8,50.4,55.0,43.4,43.9,35.9,49.9,0,
Malay Heritage Centre,2017 Apr,50.6,2017-04-01,4,0.8660254037844387,-0.4999999999999998,59.7,57.3,49.3,43.1,40.7,41.6,37.8,50.4,55.0,43.4,43.9,35.9,0,
Malay Heritage Centre,2017 May,48.9,2017-05-01,5,0.49999999999999994,-0.8660254037844387,50.6,59.7,57.3,49.3,43.1,40.7,41.6,37.8,50.4,55.0,43.4,43.9,0,
Malay Heritage Centre,2017 Jun,70.0,2017-06-01,6,1.2246467991473532e-16,-1.0,48.9,50.6,59.7,57.3,49.3,43.1,40.7,41.6,37.8,50.4,55.0,43.4,0,
Malay Heritage Centre,2017 Jul,73.3,2017-07-01,7,-0.4999999999999997,-0.8660254037844388,70.0,48.9,50.6,59.7,57.3,49.3,43.1,40.7,41.6,37.8,50.4,55.0,0,
Malay Heritage Centre,2017 Aug,60.2,2017-08-01,8,-0.8660254037844385,-0.5000000000000004,73.3,70.0,48.9,50.6,59.7,57.3,49.3,43.1,40.7,41.6,37.8,50.4,0,
Malay Heritage Centre,2017 Sep,48.2,2017-09-01,9,-1.0,-1.8369701987210297e-16,60.2,73.3,70.0,48.9,50.6,59.7,57.3,49.3,43.1,40.7,41.6,37.8,0,
Malay Heritage Centre,2017 Oct,68.9,2017-10-01,10,-0.8660254037844386,0.5000000000000001,48.2,60.2,73.3,70.0,48.9,50.6,59.7,57.3,49.3,43.1,40.7,41.6,0,
Malay Heritage Centre,2017 Nov,57.5,2017-11-01,11,-0.5000000000000004,0.8660254037844384,68.9,48.2,60.2,73.3,70.0,48.9,50.6,59.7,57.3,49.3,43.1,40.7,0,
Malay Heritage Centre,2017 Dec,53.8,2017-12-01,12,-2.4492935982947064e-16,1.0,57.5,68.9,48.2,60.2,73.3,70.0,48.9,50.6,59.7,57.3,49.3,43.1,0,
Malay Heritage Centre,2018 Jan,59.4,2018-01-01,1,0.49999999999999994,0.8660254037844387,53.8,57.5,68.9,48.2,60.2,73.3,70.0,48.9,50.6,59.7,57.3,49.3,0,
Malay Heritage Centre,2018 Feb,65.7,2018-02-01,2,0.8660254037844386,0.5000000000000001,59.4,53.8,57.5,68.9,48.2,60.2,73.3,70.0,48.9,50.6,59.7,57.3,0,
Malay Heritage Centre,2018 Mar,61.6,2018-03-01,3,1.0,6.123233995736766e-17,65.7,59.4,53.8,57.5,68.9,48.2,60.2,73.3,70.0,48.9,50.6,59.7,0,
Malay Heritage Centre,2018 Apr,53.0,2018-04-01,4,0.8660254037844387,-0.4999999999999998,61.6,65.7,59.4,53.8,57.5,68.9,48.2,60.2,73.3,70.0,48.9,50.6,0,
Malay Heritage Centre,2018 May,59.2,2018-05-01,5,0.49999999999999994,-0.8660254037844387,53.0,61.6,65.7,59.4,53.8,57.5,68.9,48.2,60.2,73.3,70.0,48.9,0,
Malay Heritage Centre,2018 Jun,79.7,2018-06-01,6,1.2246467991473532e-16,-1.0,59.2,53.0,61.6,65.7,59.4,53.8,57.5,68.9,48.2,60.2,73.3,70.0,0,
Malay Heritage Centre,2018 Jul,69.9,2018-07-01,7,-0.4999999999999997,-0.8660254037844388,79.7,59.2,53.0,61.6,65.7,59.4,53.8,57.5,68.9,48.2,60.2,73.3,0,
Malay Heritage Centre,2018 Aug,67.7,2018-08-01,8,-0.8660254037844385,-0.5000000000000004,69.9,79.7,59.2,53.0,61.6,65.7,59.4,53.8,57.5,68.9,48.2,60.2,0,
Malay Heritage Centre,2018 Sep,50.6,2018-09-01,9,-1.0,-1.8369701987210297e-16,67.7,69.9,79.7,59.2,53.0,61.6,65.7,59.4,53.8,57.5,68.9,48.2,0,
Malay Heritage Centre,2018 Oct,53.8,2018-10-01,10,-0.8660254037844386,0.5000000000000001,50.6,67.7,69.9,79.7,59.2,53.0,61.6,65.7,59.4,53.8,57.5,68.9,0,
Malay Heritage Centre,2018 Nov,58.5,2018-11-01,11,-0.5000000000000004,0.8660254037844384,53.8,50.6,67.7,69.9,79.7,59.2,53.0,61.6,65.7,59.4,53.8,57.5,0,
Malay Heritage Centre,2018 Dec,49.7,2018-12-01,12,-2.4492935982947064e-16,1.0,58.5,53.8,50.6,67.7,69.9,79.7,59.2,53.0,61.6,65.7,59.4,53.8,0,
Malay Heritage Centre,2019 Jan,69.8,2019-01-01,1,0.49999999999999994,0.8660254037844387,49.7,58.5,53.8,50.6,67.7,69.9,79.7,59.2,53.0,61.6,65.7,59.4,0,
Malay Heritage Centre,2019 Feb,63.0,2019-02-01,2,0.8660254037844386,0.5000000000000001,69.8,49.7,58.5,53.8,50.6,67.7,69.9,79.7,59.2,53.0,61.6,65.7,0,
Malay Heritage Centre,2019 Mar,66.7,2019-03-01,3,1.0,6.123233995736766e-17,63.0,69.8,49.7,58.5,53.8,50.6,67.7,69.9,79.7,59.2,53.0,61.6,0,
Malay Heritage Centre,2019 Apr,54.4,2019-04-01,4,0.8660254037844387,-0.4999999999999998,66.7,63.0,69.8,49.7,58.5,53.8,50.6,67.7,69.9,79.7,59.2,53.0,0,
Malay Heritage Centre,2019 May,81.0,2019-05-01,5,0.49999999999999994,-0.8660254037844387,54.4,66.7,63.0,69.8,49.7,58.5,53.8,50.6,67.7,69.9,79.7,59.2,0,
Malay Heritage Centre,2019 Jun,55.9,2019-06-01,6,1.2246467991473532e-16,-1.0,81.0,54.4,66.7,63.0,69.8,49.7,58.5,53.8,50.6,67.7,69.9,79.7,0,
Malay Heritage Centre,2019 Jul,78.0,2019-07-01,7,-0.4999999999999997,-0.8660254037844388,55.9,81.0,54.4,66.7,63.0,69.8,49.7,58.5,53.8,50.6,67.7,69.9,0,
Malay Heritage Centre,2019 Aug,70.0,2019-08-01,8,-0.8660254037844385,-0.5000000000000004,78.0,55.9,81.0,54.4,66.7,63.0,69.8,49.7,58.5,53.8,50.6,67.7,0,
Malay Heritage Centre,2019 Sep,40.4,2019-09-01,9,-1.0,-1.8369701987210297e-16,70.0,78.0,55.9,81.0,54.4,66.7,63.0,69.8,49.7,58.5,53.8,50.6,0,
Malay Heritage Centre,2019 Oct,65.3,2019-10-01,10,-0.8660254037844386,0.5000000000000001,40.4,70.0,78.0,55.9,81.0,54.4,66.7,63.0,69.8,49.7,58.5,53.8,0,
Malay Heritage Centre,2019 Nov,58.5,2019-11-01,11,-0.5000000000000004,0.8660254037844384,65.3,40.4,70.0,78.0,55.9,81.0,54.4,66.7,63.0,69.8,49.7,58.5,0,
Malay Heritage Centre,2019 Dec,58.4,2019-12-01,12,-2.4492935982947064e-16,1.0,58.5,65.3,40.4,70.0,78.0,55.9,81.0,54.4,66.7,63.0,69.8,49.7,0,
Malay Heritage Centre,2020 Jan,66.4,2020-01-01,1,0.49999999999999994,0.8660254037844387,58.4,58.5,65.3,40.4,70.0,78.0,55.9,81.0,54.4,66.7,63.0,69.8,0,
Malay Heritage Centre,2020 Feb,38.8,2020-02-01,2,0.8660254037844386,0.5000000000000001,66.4,58.4,58.5,65.3,40.4,70.0,78.0,55.9,81.0,54.4,66.7,63.0,0,
Malay Heritage Centre,2020 Mar,8.0,2020-03-01,3,1.0,6.123233995736766e-17,38.8,66.4,58.4,58.5,65.3,40.4,70.0,78.0,55.9,81.0,54.4,66.7,0,
Malay Heritage Centre,2020 Apr,0.7,2020-04-01,4,0.8660254037844387,-0.4999999999999998,8.0,38.8,66.4,58.4,58.5,65.3,40.4,70.0,78.0,55.9,81.0,54.4,1,
Malay Heritage Centre,2020 May,0.0,2020-05-01,5,0.49999999999999994,-0.8660254037844387,0.7,8.0,38.8,66.4,58.4,58.5,65.3,40.4,70.0,78.0,55.9,81.0,1,
Malay Heritage Centre,2020 Jun,0.0,2020-06-01,6,1.2246467991473532e-16,-1.0,0.0,0.7,8.0,38.8,66.4,58.4,58.5,65.3,40.4,70.0,78.0,55.9,1,
Malay Heritage Centre,2020 Jul,2.4,2020-07-01,7,-0.4999999999999997,-0.8660254037844388,0.0,0.0,0.7,8.0,38.8,66.4,58.4,58.5,65.3,40.4,70.0,78.0,1,
Malay Heritage Centre,2020 Aug,3.2,2020-08-01,8,-0.8660254037844385,-0.5000000000000004,2.4,0.0,0.0,0.7,8.0,38.8,66.4,58.4,58.5,65.3,40.4,70.0,1,
Malay Heritage Centre,2020 Sep,3.4,2020-09-01,9,-1.0,-1.8369701987210297e-16,3.2,2.4,0.0,0.0,0.7,8.0,38.8,66.4,58.4,58.5,65.3,40.4,1,
Malay Heritage Centre,2020 Oct,4.7,2020-10-01,10,-0.8660254037844386,0.5000000000000001,3.4,3.2,2.4,0.0,0.0,0.7,8.0,38.8,66.4,58.4,58.5,65.3,1,
Malay Heritage Centre,2020 Nov,6.5,2020-11-01,11,-0.5000000000000004,0.8660254037844384,4.7,3.4,3.2,2.4,0.0,0.0,0.7,8.0,38.8,66.4,58.4,58.5,1,
Malay Heritage Centre,2020 Dec,10.9,2020-12-01,12,-2.4492935982947064e-16,1.0,6.5,4.7,3.4,3.2,2.4,0.0,0.0,0.7,8.0,38.8,66.4,58.4,1,
Malay Heritage Centre,2021 Jan,7.0,2021-01-01,1,0.49999999999999994,0.8660254037844387,10.9,6.5,4.7,3.4,3.2,2.4,0.0,0.0,0.7,8.0,38.8,66.4,1,
Malay Heritage Centre,2021 Feb,8.0,2021-02-01,2,0.8660254037844386,0.5000000000000001,7.0,10.9,6.5,4.7,3.4,3.2,2.4,0.0,0.0,0.7,8.0,38.8,1,
Malay Heritage Centre,2021 Mar,12.7,2021-03-01,3,1.0,6.123233995736766e-17,8.0,7.0,10.9,6.5,4.7,3.4,3.2,2.4,0.0,0.0,0.7,8.0,1,
Malay Heritage Centre,2021 Apr,9.5,2021-04-01,4,0.8660254037844387,-0.4999999999999998,12.7,8.0,7.0,10.9,6.5,4.7,3.4,3.2,2.4,0.0,0.0,0.7,1,
Malay Heritage Centre,2021 May,6.8,2021-05-01,5,0.49999999999999994,-0.8660254037844387,9.5,12.7,8.0,7.0,10.9,6.5,4.7,3.4,3.2,2.4,0.0,0.0,1,
Malay Heritage Centre,2021 Jun,4.5,2021-06-01,6,1.2246467991473532e-16,-1.0,6.8,9.5,12.7,8.0,7.0,10.9,6.5,4.7,3.4,3.2,2.4,0.0,1,
Malay Heritage Centre,2021 Jul,6.7,2021-07-01,7,-0.4999999999999997,-0.8660254037844388,4.5,6.8,9.5,12.7,8.0,7.0,10.9,6.5,4.7,3.4,3.2,2.4,1,
Malay Heritage Centre,2021 Aug,4.5,2021-08-01,8,-0.8660254037844385,-0.5000000000000004,6.7,4.5,6.8,9.5,12.7,8.0,7.0,10.9,6.5,4.7,3.4,3.2,1,
Malay Heritage Centre,2021 Sep,4.9,2021-09-01,9,-1.0,-1.8369701987210297e-16,4.5,6.7,4.5,6.8,9.5,12.7,8.0,7.0,10.9,6.5,4.7,3.4,1,
Malay Heritage Centre,2021 Oct,5.2,2021-10-01,10,-0.8660254037844386,0.5000000000000001,4.9,4.5,6.7,4.5,6.8,9.5,12.7,8.0,7.0,10.9,6.5,4.7,1,
Malay Heritage Centre,2021 Nov,7.5,2021-11-01,11,-0.5000000000000004,0.8660254037844384,5.2,4.9,4.5,6.7,4.5,6.8,9.5,12.7,8.0,7.0,10.9,6.5,1,
Malay Heritage Centre,2021 Dec,10.0,2021-12-01,12,-2.4492935982947064e-16,1.0,7.5,5.2,4.9,4.5,6.7,4.5,6.8,9.5,12.7,8.0,7.0,10.9,1,
Malay Heritage Centre,2022 Jan,9.1,2022-01-01,1,0.49999999999999994,0.8660254037844387,10.0,7.5,5.2,4.9,4.5,6.7,4.5,6.8,9.5,12.7,8.0,7.0,1,
Malay Heritage Centre,2022 Feb,6.6,2022-02-01,2,0.8660254037844386,0.5000000000000001,9.1,10.0,7.5,5.2,4.9,4.5,6.7,4.5,6.8,9.5,12.7,8.0,1,
Malay Heritage Centre,2022 Mar,9.4,2022-03-01,3,1.0,6.123233995736766e-17,6.6,9.1,10.0,7.5,5.2,4.9,4.5,6.7,4.5,6.8,9.5,12.7,1,
Malay Heritage Centre,2022 Apr,17.1,2022-04-01,4,0.8660254037844387,-0.4999999999999998,9.4,6.6,9.1,10.0,7.5,5.2,4.9,4.5,6.7,4.5,6.8,9.5,1,
Malay Heritage Centre,2022 May,23.3,2022-05-01,5,0.49999999999999994,-0.8660254037844387,17.1,9.4,6.6,9.1,10.0,7.5,5.2,4.9,4.5,6.7,4.5,6.8,1,
Malay Heritage Centre,2022 Jun,21.0,2022-06-01,6,1.2246467991473532e-16,-1.0,23.3,17.1,9.4,6.6,9.1,10.0,7.5,5.2,4.9,4.5,6.7,4.5,1,
Malay Heritage Centre,2022 Jul,25.5,2022-07-01,7,-0.4999999999999997,-0.8660254037844388,21.0,23.3,17.1,9.4,6.6,9.1,10.0,7.5,5.2,4.9,4.5,6.7,1,
Malay Heritage Centre,2022 Aug,25.2,2022-08-01,8,-0.8660254037844385,-0.5000000000000004,25.5,21.0,23.3,17.1,9.4,6.6,9.1,10.0,7.5,5.2,4.9,4.5,1,
Malay Heritage Centre,2022 Sep,22.8,2022-09-01,9,-1.0,-1.8369701987210297e-16,25.2,25.5,21.0,23.3,17.1,9.4,6.6,9.1,10.0,7.5,5.2,4.9,1,
Malay Heritage Centre,2022 Oct,36.6,2022-10-01,10,-0.8660254037844386,0.5000000000000001,22.8,25.2,25.5,21.0,23.3,17.1,9.4,6.6,9.1,10.0,7.5,5.2,1,
Malay Heritage Centre,2022 Nov,0.0,2022-11-01,11,-0.5000000000000004,0.8660254037844384,36.6,22.8,25.2,25.5,21.0,23.3,17.1,9.4,6.6,9.1,10.0,7.5,1,
Malay Heritage Centre,2022 Dec,0.0,2022-12-01,12,-2.4492935982947064e-16,1.0,0.0,36.6,22.8,25.2,25.5,21.0,23.3,17.1,9.4,6.6,9.1,10.0,1,
Malay Heritage Centre,2023 Jan,0.0,2023-01-01,1,0.49999999999999994,0.8660254037844387,0.0,0.0,36.6,22.8,25.2,25.5,21.0,23.3,17.1,9.4,6.6,9.1,1,
Malay Heritage Centre,2023 Feb,0.0,2023-02-01,2,0.8660254037844386,0.5000000000000001,0.0,0.0,0.0,36.6,22.8,25.2,25.5,21.0,23.3,17.1,9.4,6.6,1,
Malay Heritage Centre,2023 Mar,0.0,2023-03-01,3,1.0,6.123233995736766e-17,0.0,0.0,0.0,0.0,36.6,22.8,25.2,25.5,21.0,23.3,17.1,9.4,0,
Malay Heritage Centre,2023 Apr,0.0,2023-04-01,4,0.8660254037844387,-0.4999999999999998,0.0,0.0,0.0,0.0,0.0,36.6,22.8,25.2,25.5,21.0,23.3,17.1,0,
Malay Heritage Centre,2023 May,0.0,2023-05-01,5,0.49999999999999994,-0.8660254037844387,0.0,0.0,0.0,0.0,0.0,0.0,36.6,22.8,25.2,25.5,21.0,23.3,0,
Malay Heritage Centre,2023 Jun,0.0,2023-06-01,6,1.2246467991473532e-16,-1.0,0.0,0.0,0.0,0.0,0.0,0.0,0.0,36.6,22.8,25.2,25.5,21.0,0,
Malay Heritage Centre,2023 Jul,0.0,2023-07-01,7,-0.4999999999999997,-0.8660254037844388,0.0,0.0,0.0,0.0,0.0,0.0,0.0,0.0,36.6,22.8,25.2,25.5,0,
Malay Heritage Centre,2023 Aug,0.0,2023-08-01,8,-0.8660254037844385,-0.5000000000000004,0.0,0.0,0.0,0.0,0.0,0.0,0.0,0.0,0.0,36.6,22.8,25.2,0,
Malay Heritage Centre,2023 Sep,0.0,2023-09-01,9,-1.0,-1.8369701987210297e-16,0.0,0.0,0.0,0.0,0.0,0.0,0.0,0.0,0.0,0.0,36.6,22.8,0,
Malay Heritage Centre,2023 Oct,0.0,2023-10-01,10,-0.8660254037844386,0.5000000000000001,0.0,0.0,0.0,0.0,0.0,0.0,0.0,0.0,0.0,0.0,0.0,36.6,0,
Malay Heritage Centre,2023 Nov,0.0,2023-11-01,11,-0.5000000000000004,0.8660254037844384,0.0,0.0,0.0,0.0,0.0,0.0,0.0,0.0,0.0,0.0,0.0,0.0,0,
Malay Heritage Centre,2023 Dec,0.0,2023-12-01,12,-2.4492935982947064e-16,1.0,0.0,0.0,0.0,0.0,0.0,0.0,0.0,0.0,0.0,0.0,0.0,0.0,0,
Malay Heritage Centre,2024 Jan,0.0,2024-01-01,1,0.49999999999999994,0.8660254037844387,0.0,0.0,0.0,0.0,0.0,0.0,0.0,0.0,0.0,0.0,0.0,0.0,0,
Malay Heritage Centre,2024 Feb,0.0,2024-02-01,2,0.8660254037844386,0.5000000000000001,0.0,0.0,0.0,0.0,0.0,0.0,0.0,0.0,0.0,0.0,0.0,0.0,0,
Malay Heritage Centre,2024 Mar,0.0,2024-03-01,3,1.0,6.123233995736766e-17,0.0,0.0,0.0,0.0,0.0,0.0,0.0,0.0,0.0,0.0,0.0,0.0,0,
Malay Heritage Centre,2024 Apr,0.0,2024-04-01,4,0.8660254037844387,-0.4999999999999998,0.0,0.0,0.0,0.0,0.0,0.0,0.0,0.0,0.0,0.0,0.0,0.0,0,
Malay Heritage Centre,2024 May,0.0,2024-05-01,5,0.49999999999999994,-0.8660254037844387,0.0,0.0,0.0,0.0,0.0,0.0,0.0,0.0,0.0,0.0,0.0,0.0,0,
Malay Heritage Centre,2024 Jun,0.0,2024-06-01,6,1.2246467991473532e-16,-1.0,0.0,0.0,0.0,0.0,0.0,0.0,0.0,0.0,0.0,0.0,0.0,0.0,0,
Malay Heritage Centre,2024 Jul,0.0,2024-07-01,7,-0.4999999999999997,-0.8660254037844388,0.0,0.0,0.0,0.0,0.0,0.0,0.0,0.0,0.0,0.0,0.0,0.0,0,
Malay Heritage Centre,2024 Aug,0.0,2024-08-01,8,-0.8660254037844385,-0.5000000000000004,0.0,0.0,0.0,0.0,0.0,0.0,0.0,0.0,0.0,0.0,0.0,0.0,0,
Malay Heritage Centre,2024 Sep,0.0,2024-09-01,9,-1.0,-1.8369701987210297e-16,0.0,0.0,0.0,0.0,0.0,0.0,0.0,0.0,0.0,0.0,0.0,0.0,0,
Malay Heritage Centre,2024 Oct,0.0,2024-10-01,10,-0.8660254037844386,0.5000000000000001,0.0,0.0,0.0,0.0,0.0,0.0,0.0,0.0,0.0,0.0,0.0,0.0,0,
Malay Heritage Centre,2024 Nov,0.0,2024-11-01,11,-0.5000000000000004,0.8660254037844384,0.0,0.0,0.0,0.0,0.0,0.0,0.0,0.0,0.0,0.0,0.0,0.0,0,
Malay Heritage Centre,2024 Dec,0.0,2024-12-01,12,-2.4492935982947064e-16,1.0,0.0,0.0,0.0,0.0,0.0,0.0,0.0,0.0,0.0,0.0,0.0,0.0,0,
Malay Heritage Centre,2025 Jan,0.0,2025-01-01,1,0.49999999999999994,0.8660254037844387,0.0,0.0,0.0,0.0,0.0,0.0,0.0,0.0,0.0,0.0,0.0,0.0,0,
Malay Heritage Centre,2025 Feb,0.0,2025-02-01,2,0.8660254037844386,0.5000000000000001,0.0,0.0,0.0,0.0,0.0,0.0,0.0,0.0,0.0,0.0,0.0,0.0,0,
Malay Heritage Centre,2025 Mar,0.0,2025-03-01,3,1.0,6.123233995736766e-17,0.0,0.0,0.0,0.0,0.0,0.0,0.0,0.0,0.0,0.0,0.0,0.0,0,
Malay Heritage Centre,2025 Apr,0.0,2025-04-01,4,0.8660254037844387,-0.4999999999999998,0.0,0.0,0.0,0.0,0.0,0.0,0.0,0.0,0.0,0.0,0.0,0.0,0,
Malay Heritage Centre,2025 May,0.0,2025-05-01,5,0.49999999999999994,-0.8660254037844387,0.0,0.0,0.0,0.0,0.0,0.0,0.0,0.0,0.0,0.0,0.0,0.0,0,
Malay Heritage Centre,2025 Jun,0.0,2025-06-01,6,1.2246467991473532e-16,-1.0,0.0,0.0,0.0,0.0,0.0,0.0,0.0,0.0,0.0,0.0,0.0,0.0,0,
Malay Heritage Centre,2025 Jul,0.0,2025-07-01,7,-0.4999999999999997,-0.8660254037844388,0.0,0.0,0.0,0.0,0.0,0.0,0.0,0.0,0.0,0.0,0.0,0.0,0,
Malay Heritage Centre,,34.04,2025-08-01,8,-0.8660254037844385,-0.5000000000000004,0.0,0.0,0.0,0.0,0.0,0.0,0.0,0.0,0.0,0.0,0.0,0.0,0,34.04
Malay Heritage Centre,,24.2,2025-09-01,9,-1.0,-1.8369701987210297e-16,34.04,0.0,0.0,0.0,0.0,0.0,0.0,0.0,0.0,0.0,0.0,0.0,0,24.2
Malay Heritage Centre,,31.919999999999998,2025-10-01,10,-0.8660254037844386,0.5000000000000001,24.2,34.04,0.0,0.0,0.0,0.0,0.0,0.0,0.0,0.0,0.0,0.0,0,31.919999999999998
Malay Heritage Centre,,27.35,2025-11-01,11,-0.5000000000000004,0.8660254037844384,31.919999999999998,24.2,34.04,0.0,0.0,0.0,0.0,0.0,0.0,0.0,0.0,0.0,0,27.35
Malay Heritage Centre,,27.689999999999998,2025-12-01,12,-2.4492935982947064e-16,1.0,27.35,31.919999999999998,24.2,34.04,0.0,0.0,0.0,0.0,0.0,0.0,0.0,0.0,0,27.689999999999998
Malay Heritage Centre,,30.172727272727276,2026-01-01,1,0.49999999999999994,0.8660254037844387,27.689999999999998,27.35,31.919999999999998,24.2,34.04,0.0,0.0,0.0,0.0,0.0,0.0,0.0,0,30.172727272727276
Malay Heritage Centre,,28.0,2026-02-01,2,0.8660254037844386,0.5000000000000001,30.172727272727276,27.689999999999998,27.35,31.919999999999998,24.2,34.04,0.0,0.0,0.0,0.0,0.0,0.0,0,28.0
Malay Heritage Centre,,27.645454545454548,2026-03-01,3,1.0,6.123233995736766e-17,28.0,30.172727272727276,27.689999999999998,27.35,31.919999999999998,24.2,34.04,0.0,0.0,0.0,0.0,0.0,0,27.645454545454548
Malay Heritage Centre,,23.136363636363637,2026-04-01,4,0.8660254037844387,-0.4999999999999998,27.645454545454548,28.0,30.172727272727276,27.689999999999998,27.35,31.919999999999998,24.2,34.04,0.0,0.0,0.0,0.0,0,23.136363636363637
Malay Heritage Centre,,27.336363636363636,2026-05-01,5,0.49999999999999994,-0.8660254037844387,23.136363636363637,27.645454545454548,28.0,30.172727272727276,27.689999999999998,27.35,31.919999999999998,24.2,34.04,0.0,0.0,0.0,0,27.336363636363636
Malay Heritage Centre,,28.427272727272726,2026-06-01,6,1.2246467991473532e-16,-1.0,27.336363636363636,23.136363636363637,27.645454545454548,28.0,30.172727272727276,27.689999999999998,27.35,31.919999999999998,24.2,34.04,0.0,0.0,0,28.427272727272726
Malay Heritage Centre,,32.54545454545455,2026-07-01,7,-0.4999999999999997,-0.8660254037844388,28.427272727272726,27.336363636363636,23.136363636363637,27.645454545454548,28.0,30.172727272727276,27.689999999999998,27.35,31.919999999999998,24.2,34.04,0.0,0,32.54545454545455
Malay Heritage Centre,,34.04,2026-08-01,8,-0.8660254037844385,-0.5000000000000004,32.54545454545455,28.427272727272726,27.336363636363636,23.136363636363637,27.645454545454548,28.0,30.172727272727276,27.689999999999998,27.35,31.919999999999998,24.2,34.04,0,34.04
Malay Heritage Centre,,24.2,2026-09-01,9,-1.0,-1.8369701987210297e-16,34.04,32.54545454545455,28.427272727272726,27.336363636363636,23.136363636363637,27.645454545454548,28.0,30.172727272727276,27.689999999999998,27.35,31.919999999999998,24.2,0,24.2
Malay Heritage Centre,,31.919999999999998,2026-10-01,10,-0.8660254037844386,0.5000000000000001,24.2,34.04,32.54545454545455,28.427272727272726,27.336363636363636,23.136363636363637,27.645454545454548,28.0,30.172727272727276,27.689999999999998,27.35,31.919999999999998,0,31.919999999999998
Malay Heritage Centre,,27.35,2026-11-01,11,-0.5000000000000004,0.8660254037844384,31.919999999999998,24.2,34.04,32.54545454545455,28.427272727272726,27.336363636363636,23.136363636363637,27.645454545454548,28.0,30.172727272727276,27.689999999999998,27.35,0,27.35
Malay Heritage Centre,,27.689999999999998,2026-12-01,12,-2.4492935982947064e-16,1.0,27.35,31.919999999999998,24.2,34.04,32.54545454545455,28.427272727272726,27.336363636363636,23.136363636363637,27.645454545454548,28.0,30.172727272727276,27.689999999999998,0,27.689999999999998
Malay Heritage Centre,,30.172727272727276,2027-01-01,1,0.49999999999999994,0.8660254037844387,27.689999999999998,27.35,31.919999999999998,24.2,34.04,32.54545454545455,28.427272727272726,27.336363636363636,23.136363636363637,27.645454545454548,28.0,30.172727272727276,0,30.172727272727276
Malay Heritage Centre,,28.0,2027-02-01,2,0.8660254037844386,0.5000000000000001,30.172727272727276,27.689999999999998,27.35,31.919999999999998,24.2,34.04,32.54545454545455,28.427272727272726,27.336363636363636,23.136363636363637,27.645454545454548,28.0,0,28.0
Malay Heritage Centre,,27.645454545454548,2027-03-01,3,1.0,6.123233995736766e-17,28.0,30.172727272727276,27.689999999999998,27.35,31.919999999999998,24.2,34.04,32.54545454545455,28.427272727272726,27.336363636363636,23.136363636363637,27.645454545454548,0,27.645454545454548
Malay Heritage Centre,,23.136363636363637,2027-04-01,4,0.8660254037844387,-0.4999999999999998,27.645454545454548,28.0,30.172727272727276,27.689999999999998,27.35,31.919999999999998,24.2,34.04,32.54545454545455,28.427272727272726,27.336363636363636,23.136363636363637,0,23.136363636363637
Malay Heritage Centre,,27.336363636363636,2027-05-01,5,0.49999999999999994,-0.8660254037844387,23.136363636363637,27.645454545454548,28.0,30.172727272727276,27.689999999999998,27.35,31.919999999999998,24.2,34.04,32.54545454545455,28.427272727272726,27.336363636363636,0,27.336363636363636
Malay Heritage Centre,,28.427272727272726,2027-06-01,6,1.2246467991473532e-16,-1.0,27.336363636363636,23.136363636363637,27.645454545454548,28.0,30.172727272727276,27.689999999999998,27.35,31.919999999999998,24.2,34.04,32.54545454545455,28.427272727272726,0,28.427272727272726
Malay Heritage Centre,,32.54545454545455,2027-07-01,7,-0.4999999999999997,-0.8660254037844388,28.427272727272726,27.336363636363636,23.136363636363637,27.645454545454548,28.0,30.172727272727276,27.689999999999998,27.35,31.919999999999998,24.2,34.04,32.54545454545455,0,32.54545454545455
