Data Series,Reporting Period,value,timestamp,intl_arrivals,month,sin_month,cos_month,lag_1,lag_2,lag_3,lag_4,lag_5,lag_6,lag_7,lag_8,lag_9,lag_10,lag_11,lag_12,is_covid,monthly_avg
National Museum Of Singapore,2015 Jan,50.9,2015-01-01,1252608.0,1,0.49999999999999994,0.8660254037844387,49.6,50.9,50.5,63.7,102.0,74.0,75.3,84.3,62.4,71.4,112.2,105.7,0,65.49166666666666
National Museum Of Singapore,2015 Feb,46.2,2015-02-01,1188818.0,2,0.8660254037844386,0.5000000000000001,50.9,49.6,50.9,50.5,63.7,102.0,74.0,75.3,84.3,62.4,71.4,112.2,0,63.69166666666666
National Museum Of Singapore,2015 Mar,56.3,2015-03-01,1201648.0,3,1.0,6.123233995736766e-17,46.2,50.9,49.6,50.9,50.5,63.7,102.0,74.0,75.3,84.3,62.4,71.4,0,58.24166666666667
National Museum Of Singapore,2015 Apr,89.0,2015-04-01,1208624.0,4,0.8660254037844387,-0.4999999999999998,56.3,46.2,50.9,49.6,50.9,50.5,63.7,102.0,74.0,75.3,84.3,62.4,0,53.40909090909091
National Museum Of Singapore,2015 May,84.0,2015-05-01,1222836.0,5,0.49999999999999994,-0.8660254037844387,89.0,56.3,46.2,50.9,49.6,50.9,50.5,63.7,102.0,74.0,75.3,84.3,0,61.372727272727275
National Museum Of Singapore,2015 Jun,76.0,2015-06-01,1184747.0,6,1.2246467991473532e-16,-1.0,84.0,89.0,56.3,46.2,50.9,49.6,50.9,50.5,63.7,102.0,74.0,75.3,0,71.17272727272727
National Museum Of Singapore,2015 Jul,56.2,2015-07-01,1519233.0,7,-0.4999999999999997,-0.8660254037844388,76.0,84.0,89.0,56.3,46.2,50.9,49.6,50.9,50.5,63.7,102.0,74.0,0,82.54545454545455
National Museum Of Singapore,2015 Aug,108.9,2015-08-01,1445062.0,8,-0.8660254037844385,-0.5000000000000004,56.2,76.0,84.0,89.0,56.3,46.2,50.9,49.6,50.9,50.5,63.7,102.0,0,122.2090909090909
National Museum Of Singapore,2015 Sep,45.4,2015-09-01,1131976.0,9,-1.0,-1.8369701987210297e-16,108.9,56.2,76.0,84.0,89.0,56.3,46.2,50.9,49.6,50.9,50.5,63.7,0,58.554545454545455
National Museum Of Singapore,2015 Oct,50.7,2015-10-01,1246947.0,10,-0.8660254037844386,0.5000000000000001,45.4,108.9,56.2,76.0,84.0,89.0,56.3,46.2,50.9,49.6,50.9,50.5,0,67.55454545454546
National Museum Of Singapore,2015 Nov,50.9,2015-11-01,1203992.0,11,-0.5000000000000004,0.8660254037844384,50.7,45.4,108.9,56.2,76.0,84.0,89.0,56.3,46.2,50.9,49.6,50.9,0,61.88181818181818
National Museum Of Singapore,2015 Dec,60.1,2015-12-01,1424978.0,12,-2.4492935982947064e-16,1.0,50.9,50.7,45.4,108.9,56.2,76.0,84.0,89.0,56.3,46.2,50.9,49.6,0,67.94545454545454
National Museum Of Singapore,2016 Jan,60.7,2016-01-01,1412123.0,1,0.49999999999999994,0.8660254037844387,60.1,50.9,50.7,45.4,108.9,56.2,76.0,84.0,89.0,56.3,46.2,50.9,0,65.49166666666666
National Museum Of Singapore,2016 Feb,50.4,2016-02-01,1335097.0,2,0.8660254037844386,0.5000000000000001,60.7,60.1,50.9,50.7,45.4,108.9,56.2,76.0,84.0,89.0,56.3,46.2,0,63.69166666666666
National Museum Of Singapore,2016 Mar,50.8,2016-03-01,1406607.0,3,1.0,6.123233995736766e-17,50.4,60.7,60.1,50.9,50.7,45.4,108.9,56.2,76.0,84.0,89.0,56.3,0,58.24166666666667
National Museum Of Singapore,2016 Apr,60.3,2016-04-01,1393972.0,4,0.8660254037844387,-0.4999999999999998,50.8,50.4,60.7,60.1,50.9,50.7,45.4,108.9,56.2,76.0,84.0,89.0,0,53.40909090909091
National Museum Of Singapore,2016 May,76.9,2016-05-01,1357543.0,5,0.49999999999999994,-0.8660254037844387,60.3,50.8,50.4,60.7,60.1,50.9,50.7,45.4,108.9,56.2,76.0,84.0,0,61.372727272727275
National Museum Of Singapore,2016 Jun,89.0,2016-06-01,1270531.0,6,1.2246467991473532e-16,-1.0,76.9,60.3,50.8,50.4,60.7,60.1,50.9,50.7,45.4,108.9,56.2,76.0,0,71.17272727272727
National Museum Of Singapore,2016 Jul,55.2,2016-07-01,1622405.0,7,-0.4999999999999997,-0.8660254037844388,89.0,76.9,60.3,50.8,50.4,60.7,60.1,50.9,50.7,45.4,108.9,56.2,0,82.54545454545455
National Museum Of Singapore,2016 Aug,93.9,2016-08-01,1481876.0,8,-0.8660254037844385,-0.5000000000000004,55.2,89.0,76.9,60.3,50.8,50.4,60.7,60.1,50.9,50.7,45.4,108.9,0,122.2090909090909
National Museum Of Singapore,2016 Sep,62.7,2016-09-01,1144063.0,9,-1.0,-1.8369701987210297e-16,93.9,55.2,89.0,76.9,60.3,50.8,50.4,60.7,60.1,50.9,50.7,45.4,0,58.554545454545455
National Museum Of Singapore,2016 Oct,56.7,2016-10-01,1237675.0,10,-0.8660254037844386,0.5000000000000001,62.7,93.9,55.2,89.0,76.9,60.3,50.8,50.4,60.7,60.1,50.9,50.7,0,67.55454545454546
National Museum Of Singapore,2016 Nov,56.2,2016-11-01,1235433.0,11,-0.5000000000000004,0.8660254037844384,56.7,62.7,93.9,55.2,89.0,76.9,60.3,50.8,50.4,60.7,60.1,50.9,0,61.88181818181818
National Museum Of Singapore,2016 Dec,64.6,2016-12-01,1506134.0,12,-2.4492935982947064e-16,1.0,56.2,56.7,62.7,93.9,55.2,89.0,76.9,60.3,50.8,50.4,60.7,60.1,0,67.94545454545454
National Museum Of Singapore,2017 Jan,65.7,2017-01-01,1480479.0,1,0.49999999999999994,0.8660254037844387,64.6,56.2,56.7,62.7,93.9,55.2,89.0,76.9,60.3,50.8,50.4,60.7,0,65.49166666666666
National Museum Of Singapore,2017 Feb,69.5,2017-02-01,1361010.0,2,0.8660254037844386,0.5000000000000001,65.7,64.6,56.2,56.7,62.7,93.9,55.2,89.0,76.9,60.3,50.8,50.4,0,63.69166666666666
National Museum Of Singapore,2017 Mar,60.7,2017-03-01,1480161.0,3,1.0,6.123233995736766e-17,69.5,65.7,64.6,56.2,56.7,62.7,93.9,55.2,89.0,76.9,60.3,50.8,0,58.24166666666667
National Museum Of Singapore,2017 Apr,49.2,2017-04-01,1470750.0,4,0.8660254037844387,-0.4999999999999998,60.7,69.5,65.7,64.6,56.2,56.7,62.7,93.9,55.2,89.0,76.9,60.3,0,53.40909090909091
National Museum Of Singapore,2017 May,58.3,2017-05-01,1363897.0,5,0.49999999999999994,-0.8660254037844387,49.2,60.7,69.5,65.7,64.6,56.2,56.7,62.7,93.9,55.2,89.0,76.9,0,61.372727272727275
National Museum Of Singapore,2017 Jun,64.1,2017-06-01,1387601.0,6,1.2246467991473532e-16,-1.0,58.3,49.2,60.7,69.5,65.7,64.6,56.2,56.7,62.7,93.9,55.2,89.0,0,71.17272727272727
National Museum Of Singapore,2017 Jul,72.4,2017-07-01,1632135.0,7,-0.4999999999999997,-0.8660254037844388,64.1,58.3,49.2,60.7,69.5,65.7,64.6,56.2,56.7,62.7,93.9,55.2,0,82.54545454545455
National Museum Of Singapore,2017 Aug,190.1,2017-08-01,1559283.0,8,-0.8660254037844385,-0.5000000000000004,72.4,64.1,58.3,49.2,60.7,69.5,65.7,64.6,56.2,56.7,62.7,93.9,0,122.2090909090909
National Museum Of Singapore,2017 Sep,60.8,2017-09-01,1320050.0,9,-1.0,-1.8369701987210297e-16,190.1,72.4,64.1,58.3,49.2,60.7,69.5,65.7,64.6,56.2,56.7,62.7,0,58.554545454545455
National Museum Of Singapore,2017 Oct,83.3,2017-10-01,1402299.0,10,-0.8660254037844386,0.5000000000000001,60.8,190.1,72.4,64.1,58.3,49.2,60.7,69.5,65.7,64.6,56.2,56.7,0,67.55454545454546
National Museum Of Singapore,2017 Nov,60.8,2017-11-01,1397330.0,11,-0.5000000000000004,0.8660254037844384,83.3,60.8,190.1,72.4,64.1,58.3,49.2,60.7,69.5,65.7,64.6,56.2,0,61.88181818181818
National Museum Of Singapore,2017 Dec,66.6,2017-12-01,1569616.0,12,-2.4492935982947064e-16,1.0,60.8,83.3,60.8,190.1,72.4,64.1,58.3,49.2,60.7,69.5,65.7,64.6,0,67.94545454545454
National Museum Of Singapore,2018 Jan,70.2,2018-01-01,1563359.0,1,0.49999999999999994,0.8660254037844387,66.6,60.8,83.3,60.8,190.1,72.4,64.1,58.3,49.2,60.7,69.5,65.7,0,65.49166666666666
National Museum Of Singapore,2018 Feb,74.6,2018-02-01,1491970.0,2,0.8660254037844386,0.5000000000000001,70.2,66.6,60.8,83.3,60.8,190.1,72.4,64.1,58.3,49.2,60.7,69.5,0,63.69166666666666
National Museum Of Singapore,2018 Mar,80.3,2018-03-01,1584406.0,3,1.0,6.123233995736766e-17,74.6,70.2,66.6,60.8,83.3,60.8,190.1,72.4,64.1,58.3,49.2,60.7,0,58.24166666666667
National Museum Of Singapore,2018 Apr,67.4,2018-04-01,1544248.0,4,0.8660254037844387,-0.4999999999999998,80.3,74.6,70.2,66.6,60.8,83.3,60.8,190.1,72.4,64.1,58.3,49.2,0,53.40909090909091
National Museum Of Singapore,2018 May,80.2,2018-05-01,1470891.0,5,0.49999999999999994,-0.8660254037844387,67.4,80.3,74.6,70.2,66.6,60.8,83.3,60.8,190.1,72.4,64.1,58.3,0,61.372727272727275
National Museum Of Singapore,2018 Jun,82.9,2018-06-01,1544679.0,6,1.2246467991473532e-16,-1.0,80.2,67.4,80.3,74.6,70.2,66.6,60.8,83.3,60.8,190.1,72.4,64.1,0,71.17272727272727
National Museum Of Singapore,2018 Jul,86.5,2018-07-01,1732896.0,7,-0.4999999999999997,-0.8660254037844388,82.9,80.2,67.4,80.3,74.6,70.2,66.6,60.8,83.3,60.8,190.1,72.4,0,82.54545454545455
National Museum Of Singapore,2018 Aug,131.8,2018-08-01,1683122.0,8,-0.8660254037844385,-0.5000000000000004,86.5,82.9,80.2,67.4,80.3,74.6,70.2,66.6,60.8,83.3,60.8,190.1,0,122.2090909090909
National Museum Of Singapore,2018 Sep,68.9,2018-09-01,1415149.0,9,-1.0,-1.8369701987210297e-16,131.8,86.5,82.9,80.2,67.4,80.3,74.6,70.2,66.6,60.8,83.3,60.8,0,58.554545454545455
National Museum Of Singapore,2018 Oct,79.5,2018-10-01,1467380.0,10,-0.8660254037844386,0.5000000000000001,68.9,131.8,86.5,82.9,80.2,67.4,80.3,74.6,70.2,66.6,60.8,83.3,0,67.55454545454546
National Museum Of Singapore,2018 Nov,68.4,2018-11-01,1406985.0,11,-0.5000000000000004,0.8660254037844384,79.5,68.9,131.8,86.5,82.9,80.2,67.4,80.3,74.6,70.2,66.6,60.8,0,61.88181818181818
National Museum Of Singapore,2018 Dec,68.9,2018-12-01,1603217.0,12,-2.4492935982947064e-16,1.0,68.4,79.5,68.9,131.8,86.5,82.9,80.2,67.4,80.3,74.6,70.2,66.6,0,67.94545454545454
National Museum Of Singapore,2019 Jan,74.6,2019-01-01,1624593.0,1,0.49999999999999994,0.8660254037844387,68.9,68.4,79.5,68.9,131.8,86.5,82.9,80.2,67.4,80.3,74.6,70.2,0,65.49166666666666
National Museum Of Singapore,2019 Feb,82.9,2019-02-01,1499051.0,2,0.8660254037844386,0.5000000000000001,74.6,68.9,68.4,79.5,68.9,131.8,86.5,82.9,80.2,67.4,80.3,74.6,0,63.69166666666666
National Museum Of Singapore,2019 Mar,85.6,2019-03-01,1564664.0,3,1.0,6.123233995736766e-17,82.9,74.6,68.9,68.4,79.5,68.9,131.8,86.5,82.9,80.2,67.4,80.3,0,58.24166666666667
National Museum Of Singapore,2019 Apr,72.1,2019-04-01,1596724.0,4,0.8660254037844387,-0.4999999999999998,85.6,82.9,74.6,68.9,68.4,79.5,68.9,131.8,86.5,82.9,80.2,67.4,0,53.40909090909091
National Museum Of Singapore,2019 May,66.6,2019-05-01,1487791.0,5,0.49999999999999994,-0.8660254037844387,72.1,85.6,82.9,74.6,68.9,68.4,79.5,68.9,131.8,86.5,82.9,80.2,0,61.372727272727275
National Museum Of Singapore,2019 Jun,116.3,2019-06-01,1551847.0,6,1.2246467991473532e-16,-1.0,66.6,72.1,85.6,82.9,74.6,68.9,68.4,79.5,68.9,131.8,86.5,82.9,0,71.17272727272727
National Museum Of Singapore,2019 Jul,133.6,2019-07-01,1802593.0,7,-0.4999999999999997,-0.8660254037844388,116.3,66.6,72.1,85.6,82.9,74.6,68.9,68.4,79.5,68.9,131.8,86.5,0,82.54545454545455
National Museum Of Singapore,2019 Aug,186.6,2019-08-01,1736102.0,8,-0.8660254037844385,-0.5000000000000004,133.6,116.3,66.6,72.1,85.6,82.9,74.6,68.9,68.4,79.5,68.9,131.8,0,122.2090909090909
National Museum Of Singapore,2019 Sep,69.2,2019-09-01,1463543.0,9,-1.0,-1.8369701987210297e-16,186.6,133.6,116.3,66.6,72.1,85.6,82.9,74.6,68.9,68.4,79.5,68.9,0,58.554545454545455
National Museum Of Singapore,2019 Oct,81.7,2019-10-01,1530479.0,10,-0.8660254037844386,0.5000000000000001,69.2,186.6,133.6,116.3,66.6,72.1,85.6,82.9,74.6,68.9,68.4,79.5,0,67.55454545454546
National Museum Of Singapore,2019 Nov,64.4,2019-11-01,1533668.0,11,-0.5000000000000004,0.8660254037844384,81.7,69.2,186.6,133.6,116.3,66.6,72.1,85.6,82.9,74.6,68.9,68.4,0,61.88181818181818
National Museum Of Singapore,2019 Dec,65.7,2019-12-01,1724961.0,12,-2.4492935982947064e-16,1.0,64.4,81.7,69.2,186.6,133.6,116.3,66.6,72.1,85.6,82.9,74.6,68.9,0,67.94545454545454
National Museum Of Singapore,2020 Jan,73.4,2020-01-01,1688102.0,1,0.49999999999999994,0.8660254037844387,65.7,64.4,81.7,69.2,186.6,133.6,116.3,66.6,72.1,85.6,82.9,74.6,0,65.49166666666666
National Museum Of Singapore,2020 Feb,42.3,2020-02-01,732966.0,2,0.8660254037844386,0.5000000000000001,73.4,65.7,64.4,81.7,69.2,186.6,133.6,116.3,66.6,72.1,85.6,82.9,0,63.69166666666666
National Museum Of Singapore,2020 Mar,31.9,2020-03-01,240001.0,3,1.0,6.123233995736766e-17,42.3,73.4,65.7,64.4,81.7,69.2,186.6,133.6,116.3,66.6,72.1,85.6,0,58.24166666666667
National Museum Of Singapore,2020 Apr,2.2,2020-04-01,750.0,4,0.8660254037844387,-0.4999999999999998,31.9,42.3,73.4,65.7,64.4,81.7,69.2,186.6,133.6,116.3,66.6,72.1,1,53.40909090909091
National Museum Of Singapore,2020 May,0.0,2020-05-01,880.0,5,0.49999999999999994,-0.8660254037844387,2.2,31.9,42.3,73.4,65.7,64.4,81.7,69.2,186.6,133.6,116.3,66.6,1,61.372727272727275
National Museum Of Singapore,2020 Jun,3.9,2020-06-01,2171.0,6,1.2246467991473532e-16,-1.0,0.0,2.2,31.9,42.3,73.4,65.7,64.4,81.7,69.2,186.6,133.6,116.3,1,71.17272727272727
National Museum Of Singapore,2020 Jul,28.6,2020-07-01,6843.0,7,-0.4999999999999997,-0.8660254037844388,3.9,0.0,2.2,31.9,42.3,73.4,65.7,64.4,81.7,69.2,186.6,133.6,1,82.54545454545455
National Museum Of Singapore,2020 Aug,31.6,2020-08-01,8912.0,8,-0.8660254037844385,-0.5000000000000004,28.6,3.9,0.0,2.2,31.9,42.3,73.4,65.7,64.4,81.7,69.2,186.6,1,122.2090909090909
National Museum Of Singapore,2020 Sep,19.7,2020-09-01,9500.0,9,-1.0,-1.8369701987210297e-16,31.6,28.6,3.9,0.0,2.2,31.9,42.3,73.4,65.7,64.4,81.7,69.2,1,58.554545454545455
National Museum Of Singapore,2020 Oct,28.6,2020-10-01,13399.0,10,-0.8660254037844386,0.5000000000000001,19.7,31.6,28.6,3.9,0.0,2.2,31.9,42.3,73.4,65.7,64.4,81.7,1,67.55454545454546
National Museum Of Singapore,2020 Nov,84.3,2020-11-01,14749.0,11,-0.5000000000000004,0.8660254037844384,28.6,19.7,31.6,28.6,3.9,0.0,2.2,31.9,42.3,73.4,65.7,64.4,1,61.88181818181818
National Museum Of Singapore,2020 Dec,84.4,2020-12-01,24170.0,12,-2.4492935982947064e-16,1.0,84.3,28.6,19.7,31.6,28.6,3.9,0.0,2.2,31.9,42.3,73.4,65.7,1,67.94545454545454
National Museum Of Singapore,2021 Jan,22.9,2021-01-01,23366.0,1,0.49999999999999994,0.8660254037844387,84.4,84.3,28.6,19.7,31.6,28.6,3.9,0.0,2.2,31.9,42.3,73.4,1,65.49166666666666
National Museum Of Singapore,2021 Feb,21.5,2021-02-01,18141.0,2,0.8660254037844386,0.5000000000000001,22.9,84.4,84.3,28.6,19.7,31.6,28.6,3.9,0.0,2.2,31.9,42.3,1,63.69166666666666
National Museum Of Singapore,2021 Mar,32.0,2021-03-01,27202.0,3,1.0,6.123233995736766e-17,21.5,22.9,84.4,84.3,28.6,19.7,31.6,28.6,3.9,0.0,2.2,31.9,1,58.24166666666667
National Museum Of Singapore,2021 Apr,27.2,2021-04-01,25737.0,4,0.8660254037844387,-0.4999999999999998,32.0,21.5,22.9,84.4,84.3,28.6,19.7,31.6,28.6,3.9,0.0,2.2,1,53.40909090909091
National Museum Of Singapore,2021 May,21.8,2021-05-01,14190.0,5,0.49999999999999994,-0.8660254037844387,27.2,32.0,21.5,22.9,84.4,84.3,28.6,19.7,31.6,28.6,3.9,0.0,1,61.372727272727275
National Museum Of Singapore,2021 Jun,20.5,2021-06-01,10029.0,6,1.2246467991473532e-16,-1.0,21.8,27.2,32.0,21.5,22.9,84.4,84.3,28.6,19.7,31.6,28.6,3.9,1,71.17272727272727
National Museum Of Singapore,2021 Jul,24.7,2021-07-01,18517.0,7,-0.4999999999999997,-0.8660254037844388,20.5,21.8,27.2,32.0,21.5,22.9,84.4,84.3,28.6,19.7,31.6,28.6,1,82.54545454545455
National Museum Of Singapore,2021 Aug,27.2,2021-08-01,15887.0,8,-0.8660254037844385,-0.5000000000000004,24.7,20.5,21.8,27.2,32.0,21.5,22.9,84.4,84.3,28.6,19.7,31.6,1,122.2090909090909
National Museum Of Singapore,2021 Sep,25.7,2021-09-01,19009.0,9,-1.0,-1.8369701987210297e-16,27.2,24.7,20.5,21.8,27.2,32.0,21.5,22.9,84.4,84.3,28.6,19.7,1,58.554545454545455
National Museum Of Singapore,2021 Oct,24.6,2021-10-01,24006.0,10,-0.8660254037844386,0.5000000000000001,25.7,27.2,24.7,20.5,21.8,27.2,32.0,21.5,22.9,84.4,84.3,28.6,1,67.55454545454546
National Museum Of Singapore,2021 Nov,30.0,2021-11-01,41179.0,11,-0.5000000000000004,0.8660254037844384,24.6,25.7,27.2,24.7,20.5,21.8,27.2,32.0,21.5,22.9,84.4,84.3,1,61.88181818181818
National Museum Of Singapore,2021 Dec,56.3,2021-12-01,92796.0,12,-2.4492935982947064e-16,1.0,30.0,24.6,25.7,27.2,24.7,20.5,21.8,27.2,32.0,21.5,22.9,84.4,1,67.94545454545454
National Museum Of Singapore,2022 Jan,31.7,2022-01-01,57174.0,1,0.49999999999999994,0.8660254037844387,56.3,30.0,24.6,25.7,27.2,24.7,20.5,21.8,27.2,32.0,21.5,22.9,1,65.49166666666666
National Museum Of Singapore,2022 Feb,36.0,2022-02-01,67765.0,2,0.8660254037844386,0.5000000000000001,31.7,56.3,30.0,24.6,25.7,27.2,24.7,20.5,21.8,27.2,32.0,21.5,1,63.69166666666666
National Museum Of Singapore,2022 Mar,43.9,2022-03-01,121207.0,3,1.0,6.123233995736766e-17,36.0,31.7,56.3,30.0,24.6,25.7,27.2,24.7,20.5,21.8,27.2,32.0,1,58.24166666666667
National Museum Of Singapore,2022 Apr,36.7,2022-04-01,295095.0,4,0.8660254037844387,-0.4999999999999998,43.9,36.0,31.7,56.3,30.0,24.6,25.7,27.2,24.7,20.5,21.8,27.2,1,53.40909090909091
National Museum Of Singapore,2022 May,51.8,2022-05-01,418458.0,5,0.49999999999999994,-0.8660254037844387,36.7,43.9,36.0,31.7,56.3,30.0,24.6,25.7,27.2,24.7,20.5,21.8,1,61.372727272727275
National Museum Of Singapore,2022 Jun,84.5,2022-06-01,543733.0,6,1.2246467991473532e-16,-1.0,51.8,36.7,43.9,36.0,31.7,56.3,30.0,24.6,25.7,27.2,24.7,20.5,1,71.17272727272727
National Museum Of Singapore,2022 Jul,84.2,2022-07-01,726739.0,7,-0.4999999999999997,-0.8660254037844388,84.5,51.8,36.7,43.9,36.0,31.7,56.3,30.0,24.6,25.7,27.2,24.7,1,82.54545454545455
National Museum Of Singapore,2022 Aug,100.4,2022-08-01,728744.0,8,-0.8660254037844385,-0.5000000000000004,84.2,84.5,51.8,36.7,43.9,36.0,31.7,56.3,30.0,24.6,25.7,27.2,1,122.2090909090909
National Museum Of Singapore,2022 Sep,62.8,2022-09-01,782215.0,9,-1.0,-1.8369701987210297e-16,100.4,84.2,84.5,51.8,36.7,43.9,36.0,31.7,56.3,30.0,24.6,25.7,1,58.554545454545455
National Museum Of Singapore,2022 Oct,82.2,2022-10-01,816833.0,10,-0.8660254037844386,0.5000000000000001,62.8,100.4,84.2,84.5,51.8,36.7,43.9,36.0,31.7,56.3,30.0,24.6,1,67.55454545454546
National Museum Of Singapore,2022 Nov,73.0,2022-11-01,816340.0,11,-0.5000000000000004,0.8660254037844384,82.2,62.8,100.4,84.2,84.5,51.8,36.7,43.9,36.0,31.7,56.3,30.0,1,61.88181818181818
National Museum Of Singapore,2022 Dec,72.5,2022-12-01,931441.0,12,-2.4492935982947064e-16,1.0,73.0,82.2,62.8,100.4,84.2,84.5,51.8,36.7,43.9,36.0,31.7,56.3,1,67.94545454545454
National Museum Of Singapore,2023 Jan,71.3,2023-01-01,931814.0,1,0.49999999999999994,0.8660254037844387,72.5,73.0,82.2,62.8,100.4,84.2,84.5,51.8,36.7,43.9,36.0,31.7,1,65.49166666666666
National Museum Of Singapore,2023 Feb,65.7,2023-02-01,957844.0,2,0.8660254037844386,0.5000000000000001,71.3,72.5,73.0,82.2,62.8,100.4,84.2,84.5,51.8,36.7,43.9,36.0,1,63.69166666666666
National Museum Of Singapore,2023 Mar,67.8,2023-03-01,1021040.0,3,1.0,6.123233995736766e-17,65.7,71.3,72.5,73.0,82.2,62.8,100.4,84.2,84.5,51.8,36.7,43.9,0,58.24166666666667
National Museum Of Singapore,2023 Apr,70.1,2023-04-01,1128610.0,4,0.8660254037844387,-0.4999999999999998,67.8,65.7,71.3,72.5,73.0,82.2,62.8,100.4,84.2,84.5,51.8,36.7,0,53.40909090909091
National Museum Of Singapore,2023 May,91.2,2023-05-01,1112512.0,5,0.49999999999999994,-0.8660254037844387,70.1,67.8,65.7,71.3,72.5,73.0,82.2,62.8,100.4,84.2,84.5,51.8,0,61.372727272727275
National Museum Of Singapore,2023 Jun,106.5,2023-06-01,1129310.0,6,1.2246467991473532e-16,-1.0,91.2,70.1,67.8,65.7,71.3,72.5,73.0,82.2,62.8,100.4,84.2,84.5,0,71.17272727272727
National Museum Of Singapore,2023 Jul,107.8,2023-07-01,1419642.0,7,-0.4999999999999997,-0.8660254037844388,106.5,91.2,70.1,67.8,65.7,71.3,72.5,73.0,82.2,62.8,100.4,84.2,0,82.54545454545455
National Museum Of Singapore,2023 Aug,150.4,2023-08-01,1312693.0,8,-0.8660254037844385,-0.5000000000000004,107.8,106.5,91.2,70.1,67.8,65.7,71.3,72.5,73.0,82.2,62.8,100.4,0,122.2090909090909
National Museum Of Singapore,2023 Sep,75.9,2023-09-01,1130762.0,9,-1.0,-1.8369701987210297e-16,150.4,107.8,106.5,91.2,70.1,67.8,65.7,71.3,72.5,73.0,82.2,62.8,0,58.554545454545455
National Museum Of Singapore,2023 Oct,79.3,2023-10-01,1125964.0,10,-0.8660254037844386,0.5000000000000001,75.9,150.4,107.8,106.5,91.2,70.1,67.8,65.7,71.3,72.5,73.0,82.2,0,67.55454545454546
National Museum Of Singapore,2023 Nov,68.0,2023-11-01,1100459.0,11,-0.5000000000000004,0.8660254037844384,79.3,75.9,150.4,107.8,106.5,91.2,70.1,67.8,65.7,71.3,72.5,73.0,0,61.88181818181818
National Museum Of Singapore,2023 Dec,66.7,2023-12-01,1231565.0,12,-2.4492935982947064e-16,1.0,68.0,79.3,75.9,150.4,107.8,106.5,91.2,70.1,67.8,65.7,71.3,72.5,0,67.94545454545454
National Museum Of Singapore,2024 Jan,80.4,2024-01-01,1419956.0,1,0.49999999999999994,0.8660254037844387,66.7,68.0,79.3,75.9,150.4,107.8,106.5,91.2,70.1,67.8,65.7,71.3,0,65.49166666666666
National Museum Of Singapore,2024 Feb,99.5,2024-02-01,1417807.0,2,0.8660254037844386,0.5000000000000001,80.4,66.7,68.0,79.3,75.9,150.4,107.8,106.5,91.2,70.1,67.8,65.7,0,63.69166666666666
National Museum Of Singapore,2024 Mar,69.6,2024-03-01,1464865.0,3,1.0,6.123233995736766e-17,99.5,80.4,66.7,68.0,79.3,75.9,150.4,107.8,106.5,91.2,70.1,67.8,0,58.24166666666667
National Museum Of Singapore,2024 Apr,58.3,2024-04-01,1343319.0,4,0.8660254037844387,-0.4999999999999998,69.6,99.5,80.4,66.7,68.0,79.3,75.9,150.4,107.8,106.5,91.2,70.1,0,53.40909090909091
National Museum Of Singapore,2024 May,68.2,2024-05-01,1277160.0,5,0.49999999999999994,-0.8660254037844387,58.3,69.6,99.5,80.4,66.7,68.0,79.3,75.9,150.4,107.8,106.5,91.2,0,61.372727272727275
National Museum Of Singapore,2024 Jun,73.3,2024-06-01,1250293.0,6,1.2246467991473532e-16,-1.0,68.2,58.3,69.6,99.5,80.4,66.7,68.0,79.3,75.9,150.4,107.8,106.5,0,71.17272727272727
National Museum Of Singapore,2024 Jul,139.7,2024-07-01,1602603.0,7,-0.4999999999999997,-0.8660254037844388,73.3,68.2,58.3,69.6,99.5,80.4,66.7,68.0,79.3,75.9,150.4,107.8,0,82.54545454545455
National Museum Of Singapore,2024 Aug,155.7,2024-08-01,1539828.0,8,-0.8660254037844385,-0.5000000000000004,139.7,73.3,68.2,58.3,69.6,99.5,80.4,66.7,68.0,79.3,75.9,150.4,0,122.2090909090909
National Museum Of Singapore,2024 Sep,70.0,2024-09-01,1270681.0,9,-1.0,-1.8369701987210297e-16,155.7,139.7,73.3,68.2,58.3,69.6,99.5,80.4,66.7,68.0,79.3,75.9,0,58.554545454545455
National Museum Of Singapore,2024 Oct,80.0,2024-10-01,1314493.0,10,-0.8660254037844386,0.5000000000000001,70.0,155.7,139.7,73.3,68.2,58.3,69.6,99.5,80.4,66.7,68.0,79.3,0,67.55454545454546
National Museum Of Singapore,2024 Nov,59.4,2024-11-01,1234698.0,11,-0.5000000000000004,0.8660254037844384,80.0,70.0,155.7,139.7,73.3,68.2,58.3,69.6,99.5,80.4,66.7,68.0,0,61.88181818181818
National Museum Of Singapore,2024 Dec,62.7,2024-12-01,1390641.0,12,-2.4492935982947064e-16,1.0,59.4,80.0,70.0,155.7,139.7,73.3,68.2,58.3,69.6,99.5,80.4,66.7,0,67.94545454545454
National Museum Of Singapore,2025 Jan,102.1,2025-01-01,1633495.0,1,0.49999999999999994,0.8660254037844387,62.7,59.4,80.0,70.0,155.7,139.7,73.3,68.2,58.3,69.6,99.5,80.4,0,65.49166666666666
National Museum Of Singapore,2025 Feb,74.8,2025-02-01,1377513.0,2,0.8660254037844386,0.5000000000000001,102.1,62.7,59.4,80.0,70.0,155.7,139.7,73.3,68.2,58.3,69.6,99.5,0,63.69166666666666
National Museum Of Singapore,2025 Mar,53.9,2025-03-01,1296605.0,3,1.0,6.123233995736766e-17,74.8,102.1,62.7,59.4,80.0,70.0,155.7,139.7,73.3,68.2,58.3,69.6,0,58.24166666666667
National Museum Of Singapore,2025 Apr,55.0,2025-04-01,1403644.0,4,0.8660254037844387,-0.4999999999999998,53.9,74.8,102.1,62.7,59.4,80.0,70.0,155.7,139.7,73.3,68.2,58.3,0,53.40909090909091
National Museum Of Singapore,2025 May,76.1,2025-05-01,1374170.0,5,0.49999999999999994,-0.8660254037844387,55.0,53.9,74.8,102.1,62.7,59.4,80.0,70.0,155.7,139.7,73.3,68.2,0,61.372727272727275
National Museum Of Singapore,2025 Jun,65.9,2025-06-01,1245947.0,6,1.2246467991473532e-16,-1.0,76.1,55.0,53.9,74.8,102.1,62.7,59.4,80.0,70.0,155.7,139.7,73.3,0,71.17272727272727
National Museum Of Singapore,2025 Jul,119.1,2025-07-01,1680771.0,7,-0.4999999999999997,-0.8660254037844388,65.9,76.1,55.0,53.9,74.8,102.1,62.7,59.4,80.0,70.0,155.7,139.7,0,82.54545454545455
National Museum Of Singapore,2025 Aug,167.7,2025-08-01,1609320.0,8,-0.8660254037844385,-0.5000000000000004,119.1,65.9,76.1,55.0,53.9,74.8,102.1,62.7,59.4,80.0,70.0,155.7,0,122.2090909090909
National Museum Of Singapore,2025 Sep,83.0,2025-09-01,1254347.0,9,-1.0,-1.8369701987210297e-16,167.7,119.1,65.9,76.1,55.0,53.9,74.8,102.1,62.7,59.4,80.0,70.0,0,58.554545454545455
National Museum Of Singapore,2025 Oct,96.5,2025-10-01,1379079.0,10,-0.8660254037844386,0.5000000000000001,83.0,167.7,119.1,65.9,76.1,55.0,53.9,74.8,102.1,62.7,59.4,80.0,0,67.55454545454546
National Museum Of Singapore,2025 Nov,65.3,2025-11-01,1293508.0,11,-0.5000000000000004,0.8660254037844384,96.5,83.0,167.7,119.1,65.9,76.1,55.0,53.9,74.8,102.1,62.7,59.4,0,61.88181818181818
National Museum Of Singapore,2025 Dec,78.9,2025-12-01,1364161.0,12,-2.4492935982947064e-16,1.0,65.3,96.5,83.0,167.7,119.1,65.9,76.1,55.0,53.9,74.8,102.1,62.7,0,67.94545454545454
National Museum Of Singapore,2026 Jan,82.0,2026-01-01,1502908.0,1,0.49999999999999994,0.8660254037844387,78.9,65.3,96.5,83.0,167.7,119.1,65.9,76.1,55.0,53.9,74.8,102.1,0,65.49166666666666
National Museum Of Singapore,2026 Feb,100.9,2026-02-01,1500995.0,2,0.8660254037844386,0.5000000000000001,82.0,78.9,65.3,96.5,83.0,167.7,119.1,65.9,76.1,55.0,53.9,74.8,0,63.69166666666666
National Museum Of Singapore,2026 Mar,66.1,2026-03-01,1427790.0,3,1.0,6.123233995736766e-17,100.9,82.0,78.9,65.3,96.5,83.0,167.7,119.1,65.9,76.1,55.0,53.9,0,58.24166666666667
National Museum Of Singapore,,53.40909090909091,2026-04-01,1037406.6363636364,4,0.8660254037844387,-0.4999999999999998,66.1,100.9,82.0,78.9,65.3,96.5,83.0,167.7,119.1,65.9,76.1,55.0,0,53.40909090909091
National Museum Of Singapore,,61.372727272727275,2026-05-01,1009120.7272727273,5,0.49999999999999994,-0.8660254037844387,53.40909090909091,66.1,100.9,82.0,78.9,65.3,96.5,83.0,167.7,119.1,65.9,76.1,0,61.372727272727275
National Museum Of Singapore,,71.17272727272727,2026-06-01,1010989.8181818182,6,1.2246467991473532e-16,-1.0,61.372727272727275,53.40909090909091,66.1,100.9,82.0,78.9,65.3,96.5,83.0,167.7,119.1,65.9,0,71.17272727272727
National Museum Of Singapore,,82.54545454545455,2026-07-01,1251307.0,7,-0.4999999999999997,-0.8660254037844388,71.17272727272727,61.372727272727275,53.40909090909091,66.1,100.9,82.0,78.9,65.3,96.5,83.0,167.7,119.1,0,82.54545454545455
National Museum Of Singapore,,122.2090909090909,2026-08-01,1192802.6363636365,8,-0.8660254037844385,-0.5000000000000004,82.54545454545455,71.17272727272727,61.372727272727275,53.40909090909091,66.1,100.9,82.0,78.9,65.3,96.5,83.0,167.7,0,122.2090909090909
National Museum Of Singapore,,58.554545454545455,2026-09-01,994663.1818181818,9,-1.0,-1.8369701987210297e-16,122.2090909090909,82.54545454545455,71.17272727272727,61.372727272727275,53.40909090909091,66.1,100.9,82.0,78.9,65.3,96.5,83.0,0,58.554545454545455
National Museum Of Singapore,,67.55454545454546,2026-10-01,1050777.6363636365,10,-0.8660254037844386,0.5000000000000001,58.554545454545455,122.2090909090909,82.54545454545455,71.17272727272727,61.372727272727275,53.40909090909091,66.1,100.9,82.0,78.9,65.3,96.5,0,67.55454545454546
National Museum Of Singapore,,61.88181818181818,2026-11-01,1025303.7272727273,11,-0.5000000000000004,0.8660254037844384,67.55454545454546,58.554545454545455,122.2090909090909,82.54545454545455,71.17272727272727,61.372727272727275,53.40909090909091,66.1,100.9,82.0,78.9,65.3,0,61.88181818181818
National Museum Of Singapore,,67.94545454545454,2026-12-01,1169425.4545454546,12,-2.4492935982947064e-16,1.0,61.88181818181818,67.55454545454546,58.554545454545455,122.2090909090909,82.54545454545455,71.17272727272727,61.372727272727275,53.40909090909091,66.1,100.9,82.0,78.9,0,67.94545454545454
National Museum Of Singapore,,65.49166666666666,2027-01-01,1215831.4166666667,1,0.49999999999999994,0.8660254037844387,67.94545454545454,61.88181818181818,67.55454545454546,58.554545454545455,122.2090909090909,82.54545454545455,71.17272727272727,61.372727272727275,53.40909090909091,66.1,100.9,82.0,0,65.49166666666666
National Museum Of Singapore,,63.69166666666666,2027-02-01,1079081.4166666667,2,0.8660254037844386,0.5000000000000001,65.49166666666666,67.94545454545454,61.88181818181818,67.55454545454546,58.554545454545455,122.2090909090909,82.54545454545455,71.17272727272727,61.372727272727275,53.40909090909091,66.1,100.9,0,63.69166666666666
National Museum Of Singapore,,58.24166666666667,2027-03-01,1069683.0,3,1.0,6.123233995736766e-17,63.69166666666666,65.49166666666666,67.94545454545454,61.88181818181818,67.55454545454546,58.554545454545455,122.2090909090909,82.54545454545455,71.17272727272727,61.372727272727275,53.40909090909091,66.1,0,58.24166666666667
National Museum Of Singapore,,53.40909090909091,2027-04-01,1037406.6363636364,4,0.8660254037844387,-0.4999999999999998,58.24166666666667,63.69166666666666,65.49166666666666,67.94545454545454,61.88181818181818,67.55454545454546,58.554545454545455,122.2090909090909,82.54545454545455,71.17272727272727,61.372727272727275,53.40909090909091,0,53.40909090909091
National Museum Of Singapore,,61.372727272727275,2027-05-01,1009120.7272727273,5,0.49999999999999994,-0.8660254037844387,53.40909090909091,58.24166666666667,63.69166666666666,65.49166666666666,67.94545454545454,61.88181818181818,67.55454545454546,58.554545454545455,122.2090909090909,82.54545454545455,71.17272727272727,61.372727272727275,0,61.372727272727275
National Museum Of Singapore,,71.17272727272727,2027-06-01,1010989.8181818182,6,1.2246467991473532e-16,-1.0,61.372727272727275,53.40909090909091,58.24166666666667,63.69166666666666,65.49166666666666,67.94545454545454,61.88181818181818,67.55454545454546,58.554545454545455,122.2090909090909,82.54545454545455,71.17272727272727,0,71.17272727272727
National Museum Of Singapore,,82.54545454545455,2027-07-01,1251307.0,7,-0.4999999999999997,-0.8660254037844388,71.17272727272727,61.372727272727275,53.40909090909091,58.24166666666667,63.69166666666666,65.49166666666666,67.94545454545454,61.88181818181818,67.55454545454546,58.554545454545455,122.2090909090909,82.54545454545455,0,82.54545454545455
National Museum Of Singapore,,122.2090909090909,2027-08-01,1192802.6363636365,8,-0.8660254037844385,-0.5000000000000004,82.54545454545455,71.17272727272727,61.372727272727275,53.40909090909091,58.24166666666667,63.69166666666666,65.49166666666666,67.94545454545454,61.88181818181818,67.55454545454546,58.554545454545455,122.2090909090909,0,122.2090909090909
National Museum Of Singapore,,58.554545454545455,2027-09-01,994663.1818181818,9,-1.0,-1.8369701987210297e-16,122.2090909090909,82.54545454545455,71.17272727272727,61.372727272727275,53.40909090909091,58.24166666666667,63.69166666666666,65.49166666666666,67.94545454545454,61.88181818181818,67.55454545454546,58.554545454545455,0,58.554545454545455
National Museum Of Singapore,,67.55454545454546,2027-10-01,1050777.6363636365,10,-0.8660254037844386,0.5000000000000001,58.554545454545455,122.2090909090909,82.54545454545455,71.17272727272727,61.372727272727275,53.40909090909091,58.24166666666667,63.69166666666666,65.49166666666666,67.94545454545454,61.88181818181818,67.55454545454546,0,67.55454545454546
National Museum Of Singapore,,61.88181818181818,2027-11-01,1025303.7272727273,11,-0.5000000000000004,0.8660254037844384,67.55454545454546,58.554545454545455,122.2090909090909,82.54545454545455,71.17272727272727,61.372727272727275,53.40909090909091,58.24166666666667,63.69166666666666,65.49166666666666,67.94545454545454,61.88181818181818,0,61.88181818181818
National Museum Of Singapore,,67.94545454545454,2027-12-01,1169425.4545454546,12,-2.4492935982947064e-16,1.0,61.88181818181818,67.55454545454546,58.554545454545455,122.2090909090909,82.54545454545455,71.17272727272727,61.372727272727275,53.40909090909091,58.24166666666667,63.69166666666666,65.49166666666666,67.94545454545454,0,67.94545454545454
National Museum Of Singapore,,65.49166666666666,2028-01-01,1215831.4166666667,1,0.49999999999999994,0.8660254037844387,67.94545454545454,61.88181818181818,67.55454545454546,58.554545454545455,122.2090909090909,82.54545454545455,71.17272727272727,61.372727272727275,53.40909090909091,58.24166666666667,63.69166666666666,65.49166666666666,0,65.49166666666666
National Museum Of Singapore,,63.69166666666666,2028-02-01,1079081.4166666667,2,0.8660254037844386,0.5000000000000001,65.49166666666666,67.94545454545454,61.88181818181818,67.55454545454546,58.554545454545455,122.2090909090909,82.54545454545455,71.17272727272727,61.372727272727275,53.40909090909091,58.24166666666667,63.69166666666666,0,63.69166666666666
National Museum Of Singapore,,58.24166666666667,2028-03-01,1069683.0,3,1.0,6.123233995736766e-17,63.69166666666666,65.49166666666666,67.94545454545454,61.88181818181818,67.55454545454546,58.554545454545455,122.2090909090909,82.54545454545455,71.17272727272727,61.372727272727275,53.40909090909091,58.24166666666667,0,58.24166666666667
