Data Series,Reporting Period,value,timestamp,is_closed,intl_arrivals,month,sin_month,cos_month,lag_1,lag_2,lag_3,lag_4,lag_5,lag_6,lag_7,lag_8,lag_9,lag_10,lag_11,lag_12,is_covid,is_deepavali,monthly_avg
Peranakan Museum,2015 Jan,34.3,2015-01-01,0,1252608.0,1,0.49999999999999994,0.8660254037844387,29.8,31.0,30.9,31.9,80.0,37.0,32.2,27.5,25.4,27.6,30.2,33.5,0,0,21.175
Peranakan Museum,2015 Feb,32.5,2015-02-01,0,1188818.0,2,0.8660254037844386,0.5000000000000001,34.3,29.8,31.0,30.9,31.9,80.0,37.0,32.2,27.5,25.4,27.6,30.2,0,0,20.4625
Peranakan Museum,2015 Mar,36.0,2015-03-01,0,1201648.0,3,1.0,6.123233995736766e-17,32.5,34.3,29.8,31.0,30.9,31.9,80.0,37.0,32.2,27.5,25.4,27.6,0,0,29.32222222222222
Peranakan Museum,2015 Apr,33.2,2015-04-01,0,1208624.0,4,0.8660254037844387,-0.4999999999999998,36.0,32.5,34.3,29.8,31.0,30.9,31.9,80.0,37.0,32.2,27.5,25.4,0,0,23.185714285714287
Peranakan Museum,2015 May,38.3,2015-05-01,0,1222836.0,5,0.49999999999999994,-0.8660254037844387,33.2,36.0,32.5,34.3,29.8,31.0,30.9,31.9,80.0,37.0,32.2,27.5,0,0,24.185714285714287
Peranakan Museum,2015 Jun,36.8,2015-06-01,0,1184747.0,6,1.2246467991473532e-16,-1.0,38.3,33.2,36.0,32.5,34.3,29.8,31.0,30.9,31.9,80.0,37.0,32.2,0,0,23.185714285714283
Peranakan Museum,2015 Jul,39.8,2015-07-01,0,1519233.0,7,-0.4999999999999997,-0.8660254037844388,36.8,38.3,33.2,36.0,32.5,34.3,29.8,31.0,30.9,31.9,80.0,37.0,0,0,25.214285714285715
Peranakan Museum,2015 Aug,93.5,2015-08-01,0,1445062.0,8,-0.8660254037844385,-0.5000000000000004,39.8,36.8,38.3,33.2,36.0,32.5,34.3,29.8,31.0,30.9,31.9,80.0,0,0,57.471428571428575
Peranakan Museum,2015 Sep,32.5,2015-09-01,0,1131976.0,9,-1.0,-1.8369701987210297e-16,93.5,39.8,36.8,38.3,33.2,36.0,32.5,34.3,29.8,31.0,30.9,31.9,0,0,21.985714285714288
Peranakan Museum,2015 Oct,33.1,2015-10-01,0,1246947.0,10,-0.8660254037844386,0.5000000000000001,32.5,93.5,39.8,36.8,38.3,33.2,36.0,32.5,34.3,29.8,31.0,30.9,0,0,21.357142857142858
Peranakan Museum,2015 Nov,32.6,2015-11-01,0,1203992.0,11,-0.5000000000000004,0.8660254037844384,33.1,32.5,93.5,39.8,36.8,38.3,33.2,36.0,32.5,34.3,29.8,31.0,0,1,20.428571428571427
Peranakan Museum,2015 Dec,33.0,2015-12-01,0,1424978.0,12,-2.4492935982947064e-16,1.0,32.6,33.1,32.5,93.5,39.8,36.8,38.3,33.2,36.0,32.5,34.3,29.8,0,0,20.071428571428573
Peranakan Museum,2016 Jan,29.3,2016-01-01,0,1412123.0,1,0.49999999999999994,0.8660254037844387,33.0,32.6,33.1,32.5,93.5,39.8,36.8,38.3,33.2,36.0,32.5,34.3,0,0,21.175
Peranakan Museum,2016 Feb,25.3,2016-02-01,0,1335097.0,2,0.8660254037844386,0.5000000000000001,29.3,33.0,32.6,33.1,32.5,93.5,39.8,36.8,38.3,33.2,36.0,32.5,0,0,20.4625
Peranakan Museum,2016 Mar,43.2,2016-03-01,0,1406607.0,3,1.0,6.123233995736766e-17,25.3,29.3,33.0,32.6,33.1,32.5,93.5,39.8,36.8,38.3,33.2,36.0,0,0,29.32222222222222
Peranakan Museum,2016 Apr,28.3,2016-04-01,0,1393972.0,4,0.8660254037844387,-0.4999999999999998,43.2,25.3,29.3,33.0,32.6,33.1,32.5,93.5,39.8,36.8,38.3,33.2,0,0,23.185714285714287
Peranakan Museum,2016 May,29.9,2016-05-01,0,1357543.0,5,0.49999999999999994,-0.8660254037844387,28.3,43.2,25.3,29.3,33.0,32.6,33.1,32.5,93.5,39.8,36.8,38.3,0,0,24.185714285714287
Peranakan Museum,2016 Jun,27.2,2016-06-01,0,1270531.0,6,1.2246467991473532e-16,-1.0,29.9,28.3,43.2,25.3,29.3,33.0,32.6,33.1,32.5,93.5,39.8,36.8,0,0,23.185714285714283
Peranakan Museum,2016 Jul,37.5,2016-07-01,0,1622405.0,7,-0.4999999999999997,-0.8660254037844388,27.2,29.9,28.3,43.2,25.3,29.3,33.0,32.6,33.1,32.5,93.5,39.8,0,0,25.214285714285715
Peranakan Museum,2016 Aug,122.9,2016-08-01,0,1481876.0,8,-0.8660254037844385,-0.5000000000000004,37.5,27.2,29.9,28.3,43.2,25.3,29.3,33.0,32.6,33.1,32.5,93.5,0,0,57.471428571428575
Peranakan Museum,2016 Sep,42.3,2016-09-01,0,1144063.0,9,-1.0,-1.8369701987210297e-16,122.9,37.5,27.2,29.9,28.3,43.2,25.3,29.3,33.0,32.6,33.1,32.5,0,0,21.985714285714288
Peranakan Museum,2016 Oct,41.4,2016-10-01,0,1237675.0,10,-0.8660254037844386,0.5000000000000001,42.3,122.9,37.5,27.2,29.9,28.3,43.2,25.3,29.3,33.0,32.6,33.1,0,1,21.357142857142858
Peranakan Museum,2016 Nov,39.9,2016-11-01,0,1235433.0,11,-0.5000000000000004,0.8660254037844384,41.4,42.3,122.9,37.5,27.2,29.9,28.3,43.2,25.3,29.3,33.0,32.6,0,0,20.428571428571427
Peranakan Museum,2016 Dec,41.2,2016-12-01,0,1506134.0,12,-2.4492935982947064e-16,1.0,39.9,41.4,42.3,122.9,37.5,27.2,29.9,28.3,43.2,25.3,29.3,33.0,0,0,20.071428571428573
Peranakan Museum,2017 Jan,41.2,2017-01-01,0,1480479.0,1,0.49999999999999994,0.8660254037844387,41.2,39.9,41.4,42.3,122.9,37.5,27.2,29.9,28.3,43.2,25.3,29.3,0,0,21.175
Peranakan Museum,2017 Feb,40.5,2017-02-01,0,1361010.0,2,0.8660254037844386,0.5000000000000001,41.2,41.2,39.9,41.4,42.3,122.9,37.5,27.2,29.9,28.3,43.2,25.3,0,0,20.4625
Peranakan Museum,2017 Mar,59.5,2017-03-01,0,1480161.0,3,1.0,6.123233995736766e-17,40.5,41.2,41.2,39.9,41.4,42.3,122.9,37.5,27.2,29.9,28.3,43.2,0,0,29.32222222222222
Peranakan Museum,2017 Apr,38.0,2017-04-01,0,1470750.0,4,0.8660254037844387,-0.4999999999999998,59.5,40.5,41.2,41.2,39.9,41.4,42.3,122.9,37.5,27.2,29.9,28.3,0,0,23.185714285714287
Peranakan Museum,2017 May,38.9,2017-05-01,0,1363897.0,5,0.49999999999999994,-0.8660254037844387,38.0,59.5,40.5,41.2,41.2,39.9,41.4,42.3,122.9,37.5,27.2,29.9,0,0,24.185714285714287
Peranakan Museum,2017 Jun,39.1,2017-06-01,0,1387601.0,6,1.2246467991473532e-16,-1.0,38.9,38.0,59.5,40.5,41.2,41.2,39.9,41.4,42.3,122.9,37.5,27.2,0,0,23.185714285714283
Peranakan Museum,2017 Jul,39.3,2017-07-01,0,1632135.0,7,-0.4999999999999997,-0.8660254037844388,39.1,38.9,38.0,59.5,40.5,41.2,41.2,39.9,41.4,42.3,122.9,37.5,0,0,25.214285714285715
Peranakan Museum,2017 Aug,72.3,2017-08-01,0,1559283.0,8,-0.8660254037844385,-0.5000000000000004,39.3,39.1,38.9,38.0,59.5,40.5,41.2,41.2,39.9,41.4,42.3,122.9,0,0,57.471428571428575
Peranakan Museum,2017 Sep,27.0,2017-09-01,0,1320050.0,9,-1.0,-1.8369701987210297e-16,72.3,39.3,39.1,38.9,38.0,59.5,40.5,41.2,41.2,39.9,41.4,42.3,0,0,21.985714285714288
Peranakan Museum,2017 Oct,26.8,2017-10-01,0,1402299.0,10,-0.8660254037844386,0.5000000000000001,27.0,72.3,39.3,39.1,38.9,38.0,59.5,40.5,41.2,41.2,39.9,41.4,0,1,21.357142857142858
Peranakan Museum,2017 Nov,25.6,2017-11-01,0,1397330.0,11,-0.5000000000000004,0.8660254037844384,26.8,27.0,72.3,39.3,39.1,38.9,38.0,59.5,40.5,41.2,41.2,39.9,0,0,20.428571428571427
Peranakan Museum,2017 Dec,24.9,2017-12-01,0,1569616.0,12,-2.4492935982947064e-16,1.0,25.6,26.8,27.0,72.3,39.3,39.1,38.9,38.0,59.5,40.5,41.2,41.2,0,0,20.071428571428573
Peranakan Museum,2018 Jan,15.0,2018-01-01,0,1563359.0,1,0.49999999999999994,0.8660254037844387,24.9,25.6,26.8,27.0,72.3,39.3,39.1,38.9,38.0,59.5,40.5,41.2,0,0,21.175
Peranakan Museum,2018 Feb,15.9,2018-02-01,0,1491970.0,2,0.8660254037844386,0.5000000000000001,15.0,24.9,25.6,26.8,27.0,72.3,39.3,39.1,38.9,38.0,59.5,40.5,0,0,20.4625
Peranakan Museum,2018 Mar,18.7,2018-03-01,0,1584406.0,3,1.0,6.123233995736766e-17,15.9,15.0,24.9,25.6,26.8,27.0,72.3,39.3,39.1,38.9,38.0,59.5,0,0,29.32222222222222
Peranakan Museum,2018 Apr,19.9,2018-04-01,0,1544248.0,4,0.8660254037844387,-0.4999999999999998,18.7,15.9,15.0,24.9,25.6,26.8,27.0,72.3,39.3,39.1,38.9,38.0,0,0,23.185714285714287
Peranakan Museum,2018 May,16.2,2018-05-01,0,1470891.0,5,0.49999999999999994,-0.8660254037844387,19.9,18.7,15.9,15.0,24.9,25.6,26.8,27.0,72.3,39.3,39.1,38.9,0,0,24.185714285714287
Peranakan Museum,2018 Jun,15.6,2018-06-01,0,1544679.0,6,1.2246467991473532e-16,-1.0,16.2,19.9,18.7,15.9,15.0,24.9,25.6,26.8,27.0,72.3,39.3,39.1,0,0,23.185714285714283
Peranakan Museum,2018 Jul,18.5,2018-07-01,0,1732896.0,7,-0.4999999999999997,-0.8660254037844388,15.6,16.2,19.9,18.7,15.9,15.0,24.9,25.6,26.8,27.0,72.3,39.3,0,0,25.214285714285715
Peranakan Museum,2018 Aug,38.4,2018-08-01,0,1683122.0,8,-0.8660254037844385,-0.5000000000000004,18.5,15.6,16.2,19.9,18.7,15.9,15.0,24.9,25.6,26.8,27.0,72.3,0,0,57.471428571428575
Peranakan Museum,2018 Sep,14.4,2018-09-01,0,1415149.0,9,-1.0,-1.8369701987210297e-16,38.4,18.5,15.6,16.2,19.9,18.7,15.9,15.0,24.9,25.6,26.8,27.0,0,0,21.985714285714288
Peranakan Museum,2018 Oct,14.6,2018-10-01,0,1467380.0,10,-0.8660254037844386,0.5000000000000001,14.4,38.4,18.5,15.6,16.2,19.9,18.7,15.9,15.0,24.9,25.6,26.8,0,0,21.357142857142858
Peranakan Museum,2018 Nov,13.6,2018-11-01,0,1406985.0,11,-0.5000000000000004,0.8660254037844384,14.6,14.4,38.4,18.5,15.6,16.2,19.9,18.7,15.9,15.0,24.9,25.6,0,1,20.428571428571427
Peranakan Museum,2018 Dec,12.5,2018-12-01,0,1603217.0,12,-2.4492935982947064e-16,1.0,13.6,14.6,14.4,38.4,18.5,15.6,16.2,19.9,18.7,15.9,15.0,24.9,0,0,20.071428571428573
Peranakan Museum,2019 Jan,15.1,2019-01-01,0,1624593.0,1,0.49999999999999994,0.8660254037844387,12.5,13.6,14.6,14.4,38.4,18.5,15.6,16.2,19.9,18.7,15.9,15.0,0,0,21.175
Peranakan Museum,2019 Feb,14.7,2019-02-01,0,1499051.0,2,0.8660254037844386,0.5000000000000001,15.1,12.5,13.6,14.6,14.4,38.4,18.5,15.6,16.2,19.9,18.7,15.9,0,0,20.4625
Peranakan Museum,2019 Mar,29.8,2019-03-01,0,1564664.0,3,1.0,6.123233995736766e-17,14.7,15.1,12.5,13.6,14.6,14.4,38.4,18.5,15.6,16.2,19.9,18.7,0,0,29.32222222222222
Peranakan Museum,2019 Apr,0.0,2019-04-01,1,1596724.0,4,0.8660254037844387,-0.4999999999999998,29.8,14.7,15.1,12.5,13.6,14.6,14.4,38.4,18.5,15.6,16.2,19.9,0,0,23.185714285714287
Peranakan Museum,2019 May,0.0,2019-05-01,1,1487791.0,5,0.49999999999999994,-0.8660254037844387,0.0,29.8,14.7,15.1,12.5,13.6,14.6,14.4,38.4,18.5,15.6,16.2,0,0,24.185714285714287
Peranakan Museum,2019 Jun,0.0,2019-06-01,1,1551847.0,6,1.2246467991473532e-16,-1.0,0.0,0.0,29.8,14.7,15.1,12.5,13.6,14.6,14.4,38.4,18.5,15.6,0,0,23.185714285714283
Peranakan Museum,2019 Jul,0.0,2019-07-01,1,1802593.0,7,-0.4999999999999997,-0.8660254037844388,0.0,0.0,0.0,29.8,14.7,15.1,12.5,13.6,14.6,14.4,38.4,18.5,0,0,25.214285714285715
Peranakan Museum,2019 Aug,0.0,2019-08-01,1,1736102.0,8,-0.8660254037844385,-0.5000000000000004,0.0,0.0,0.0,0.0,29.8,14.7,15.1,12.5,13.6,14.6,14.4,38.4,0,0,57.471428571428575
Peranakan Museum,2019 Sep,0.0,2019-09-01,1,1463543.0,9,-1.0,-1.8369701987210297e-16,0.0,0.0,0.0,0.0,0.0,29.8,14.7,15.1,12.5,13.6,14.6,14.4,0,0,21.985714285714288
Peranakan Museum,2019 Oct,0.0,2019-10-01,1,1530479.0,10,-0.8660254037844386,0.5000000000000001,0.0,0.0,0.0,0.0,0.0,0.0,29.8,14.7,15.1,12.5,13.6,14.6,0,1,21.357142857142858
Peranakan Museum,2019 Nov,0.0,2019-11-01,1,1533668.0,11,-0.5000000000000004,0.8660254037844384,0.0,0.0,0.0,0.0,0.0,0.0,0.0,29.8,14.7,15.1,12.5,13.6,0,0,20.428571428571427
Peranakan Museum,2019 Dec,0.0,2019-12-01,1,1724961.0,12,-2.4492935982947064e-16,1.0,0.0,0.0,0.0,0.0,0.0,0.0,0.0,0.0,29.8,14.7,15.1,12.5,0,0,20.071428571428573
Peranakan Museum,2020 Jan,0.0,2020-01-01,1,1688102.0,1,0.49999999999999994,0.8660254037844387,0.0,0.0,0.0,0.0,0.0,0.0,0.0,0.0,0.0,29.8,14.7,15.1,0,0,21.175
Peranakan Museum,2020 Feb,0.0,2020-02-01,1,732966.0,2,0.8660254037844386,0.5000000000000001,0.0,0.0,0.0,0.0,0.0,0.0,0.0,0.0,0.0,0.0,29.8,14.7,0,0,20.4625
Peranakan Museum,2020 Mar,0.0,2020-03-01,1,240001.0,3,1.0,6.123233995736766e-17,0.0,0.0,0.0,0.0,0.0,0.0,0.0,0.0,0.0,0.0,0.0,29.8,0,0,29.32222222222222
Peranakan Museum,2023 Mar,16.3,2023-03-01,0,1021040.0,3,1.0,6.123233995736766e-17,0.0,0.0,0.0,0.0,0.0,0.0,0.0,0.0,0.0,0.0,0.0,0.0,0,0,29.32222222222222
Peranakan Museum,2023 Apr,14.2,2023-04-01,0,1128610.0,4,0.8660254037844387,-0.4999999999999998,16.3,0.0,0.0,0.0,0.0,0.0,0.0,0.0,0.0,0.0,0.0,0.0,0,0,23.185714285714287
Peranakan Museum,2023 May,16.1,2023-05-01,0,1112512.0,5,0.49999999999999994,-0.8660254037844387,14.2,16.3,0.0,0.0,0.0,0.0,0.0,0.0,0.0,0.0,0.0,0.0,0,0,24.185714285714287
Peranakan Museum,2023 Jun,16.2,2023-06-01,0,1129310.0,6,1.2246467991473532e-16,-1.0,16.1,14.2,16.3,0.0,0.0,0.0,0.0,0.0,0.0,0.0,0.0,0.0,0,0,23.185714285714283
Peranakan Museum,2023 Jul,13.1,2023-07-01,0,1419642.0,7,-0.4999999999999997,-0.8660254037844388,16.2,16.1,14.2,16.3,0.0,0.0,0.0,0.0,0.0,0.0,0.0,0.0,0,0,25.214285714285715
Peranakan Museum,2023 Aug,28.5,2023-08-01,0,1312693.0,8,-0.8660254037844385,-0.5000000000000004,13.1,16.2,16.1,14.2,16.3,0.0,0.0,0.0,0.0,0.0,0.0,0.0,0,0,57.471428571428575
Peranakan Museum,2023 Sep,10.2,2023-09-01,0,1130762.0,9,-1.0,-1.8369701987210297e-16,28.5,13.1,16.2,16.1,14.2,16.3,0.0,0.0,0.0,0.0,0.0,0.0,0,0,21.985714285714288
Peranakan Museum,2023 Oct,10.8,2023-10-01,0,1125964.0,10,-0.8660254037844386,0.5000000000000001,10.2,28.5,13.1,16.2,16.1,14.2,16.3,0.0,0.0,0.0,0.0,0.0,0,0,21.357142857142858
Peranakan Museum,2023 Nov,10.3,2023-11-01,0,1100459.0,11,-0.5000000000000004,0.8660254037844384,10.8,10.2,28.5,13.1,16.2,16.1,14.2,16.3,0.0,0.0,0.0,0.0,0,1,20.428571428571427
Peranakan Museum,2023 Dec,9.9,2023-12-01,0,1231565.0,12,-2.4492935982947064e-16,1.0,10.3,10.8,10.2,28.5,13.1,16.2,16.1,14.2,16.3,0.0,0.0,0.0,0,0,20.071428571428573
Peranakan Museum,2024 Jan,11.6,2024-01-01,0,1419956.0,1,0.49999999999999994,0.8660254037844387,9.9,10.3,10.8,10.2,28.5,13.1,16.2,16.1,14.2,16.3,0.0,0.0,0,0,21.175
Peranakan Museum,2024 Feb,13.3,2024-02-01,0,1417807.0,2,0.8660254037844386,0.5000000000000001,11.6,9.9,10.3,10.8,10.2,28.5,13.1,16.2,16.1,14.2,16.3,0.0,0,0,20.4625
Peranakan Museum,2024 Mar,18.4,2024-03-01,0,1464865.0,3,1.0,6.123233995736766e-17,13.3,11.6,9.9,10.3,10.8,10.2,28.5,13.1,16.2,16.1,14.2,16.3,0,0,29.32222222222222
Peranakan Museum,2024 Apr,10.5,2024-04-01,0,1343319.0,4,0.8660254037844387,-0.4999999999999998,18.4,13.3,11.6,9.9,10.3,10.8,10.2,28.5,13.1,16.2,16.1,14.2,0,0,23.185714285714287
Peranakan Museum,2024 May,13.8,2024-05-01,0,1277160.0,5,0.49999999999999994,-0.8660254037844387,10.5,18.4,13.3,11.6,9.9,10.3,10.8,10.2,28.5,13.1,16.2,16.1,0,0,24.185714285714287
Peranakan Museum,2024 Jun,13.7,2024-06-01,0,1250293.0,6,1.2246467991473532e-16,-1.0,13.8,10.5,18.4,13.3,11.6,9.9,10.3,10.8,10.2,28.5,13.1,16.2,0,0,23.185714285714283
Peranakan Museum,2024 Jul,15.3,2024-07-01,0,1602603.0,7,-0.4999999999999997,-0.8660254037844388,13.7,13.8,10.5,18.4,13.3,11.6,9.9,10.3,10.8,10.2,28.5,13.1,0,0,25.214285714285715
Peranakan Museum,2024 Aug,23.9,2024-08-01,0,1539828.0,8,-0.8660254037844385,-0.5000000000000004,15.3,13.7,13.8,10.5,18.4,13.3,11.6,9.9,10.3,10.8,10.2,28.5,0,0,57.471428571428575
Peranakan Museum,2024 Sep,15.5,2024-09-01,0,1270681.0,9,-1.0,-1.8369701987210297e-16,23.9,15.3,13.7,13.8,10.5,18.4,13.3,11.6,9.9,10.3,10.8,10.2,0,0,21.985714285714288
Peranakan Museum,2024 Oct,11.9,2024-10-01,0,1314493.0,10,-0.8660254037844386,0.5000000000000001,15.5,23.9,15.3,13.7,13.8,10.5,18.4,13.3,11.6,9.9,10.3,10.8,0,1,21.357142857142858
Peranakan Museum,2024 Nov,10.3,2024-11-01,0,1234698.0,11,-0.5000000000000004,0.8660254037844384,11.9,15.5,23.9,15.3,13.7,13.8,10.5,18.4,13.3,11.6,9.9,10.3,0,0,20.428571428571427
Peranakan Museum,2024 Dec,9.1,2024-12-01,0,1390641.0,12,-2.4492935982947064e-16,1.0,10.3,11.9,15.5,23.9,15.3,13.7,13.8,10.5,18.4,13.3,11.6,9.9,0,0,20.071428571428573
Peranakan Museum,2025 Jan,11.4,2025-01-01,0,1633495.0,1,0.49999999999999994,0.8660254037844387,9.1,10.3,11.9,15.5,23.9,15.3,13.7,13.8,10.5,18.4,13.3,11.6,0,0,21.175
Peranakan Museum,2025 Feb,10.9,2025-02-01,0,1377513.0,2,0.8660254037844386,0.5000000000000001,11.4,9.1,10.3,11.9,15.5,23.9,15.3,13.7,13.8,10.5,18.4,13.3,0,0,20.4625
Peranakan Museum,2025 Mar,23.8,2025-03-01,0,1296605.0,3,1.0,6.123233995736766e-17,10.9,11.4,9.1,10.3,11.9,15.5,23.9,15.3,13.7,13.8,10.5,18.4,0,0,29.32222222222222
Peranakan Museum,2025 Apr,18.2,2025-04-01,0,1403644.0,4,0.8660254037844387,-0.4999999999999998,23.8,10.9,11.4,9.1,10.3,11.9,15.5,23.9,15.3,13.7,13.8,10.5,0,0,23.185714285714287
Peranakan Museum,2025 May,16.1,2025-05-01,0,1374170.0,5,0.49999999999999994,-0.8660254037844387,18.2,23.8,10.9,11.4,9.1,10.3,11.9,15.5,23.9,15.3,13.7,13.8,0,0,24.185714285714287
Peranakan Museum,2025 Jun,13.7,2025-06-01,0,1245947.0,6,1.2246467991473532e-16,-1.0,16.1,18.2,23.8,10.9,11.4,9.1,10.3,11.9,15.5,23.9,15.3,13.7,0,0,23.185714285714283
Peranakan Museum,2025 Jul,13.0,2025-07-01,0,1680771.0,7,-0.4999999999999997,-0.8660254037844388,13.7,16.1,18.2,23.8,10.9,11.4,9.1,10.3,11.9,15.5,23.9,15.3,0,0,25.214285714285715
Peranakan Museum,2025 Aug,22.8,2025-08-01,0,1609320.0,8,-0.8660254037844385,-0.5000000000000004,13.0,13.7,16.1,18.2,23.8,10.9,11.4,9.1,10.3,11.9,15.5,23.9,0,0,57.471428571428575
Peranakan Museum,2025 Sep,12.0,2025-09-01,0,1254347.0,9,-1.0,-1.8369701987210297e-16,22.8,13.0,13.7,16.1,18.2,23.8,10.9,11.4,9.1,10.3,11.9,15.5,0,0,21.985714285714288
Peranakan Museum,2025 Oct,10.9,2025-10-01,0,1379079.0,10,-0.8660254037844386,0.5000000000000001,12.0,22.8,13.0,13.7,16.1,18.2,23.8,10.9,11.4,9.1,10.3,11.9,0,1,21.357142857142858
Peranakan Museum,2025 Nov,10.7,2025-11-01,0,1293508.0,11,-0.5000000000000004,0.8660254037844384,10.9,12.0,22.8,13.0,13.7,16.1,18.2,23.8,10.9,11.4,9.1,10.3,0,0,20.428571428571427
Peranakan Museum,2025 Dec,9.9,2025-12-01,0,1364161.0,12,-2.4492935982947064e-16,1.0,10.7,10.9,12.0,22.8,13.0,13.7,16.1,18.2,23.8,10.9,11.4,9.1,0,0,20.071428571428573
Peranakan Museum,2026 Jan,11.5,2026-01-01,0,1502908.0,1,0.49999999999999994,0.8660254037844387,9.9,10.7,10.9,12.0,22.8,13.0,13.7,16.1,18.2,23.8,10.9,11.4,0,0,21.175
Peranakan Museum,2026 Feb,10.6,2026-02-01,0,1500995.0,2,0.8660254037844386,0.5000000000000001,11.5,9.9,10.7,10.9,12.0,22.8,13.0,13.7,16.1,18.2,23.8,10.9,0,0,20.4625
Peranakan Museum,2026 Mar,18.2,2026-03-01,0,1427790.0,3,1.0,6.123233995736766e-17,10.6,11.5,9.9,10.7,10.9,12.0,22.8,13.0,13.7,16.1,18.2,23.8,0,0,29.32222222222222
Peranakan Museum,,23.185714285714287,2026-04-01,0,1386236.375,4,0.8660254037844387,-0.4999999999999998,18.2,10.6,11.5,9.9,10.7,10.9,12.0,22.8,13.0,13.7,16.1,18.2,0,0,23.185714285714287
Peranakan Museum,,24.185714285714287,2026-05-01,0,1333350.0,5,0.49999999999999994,-0.8660254037844387,23.185714285714287,18.2,10.6,11.5,9.9,10.7,10.9,12.0,22.8,13.0,13.7,16.1,0,0,24.185714285714287
Peranakan Museum,,23.185714285714283,2026-06-01,0,1320619.375,6,1.2246467991473532e-16,-1.0,24.185714285714287,23.185714285714287,18.2,10.6,11.5,9.9,10.7,10.9,12.0,22.8,13.0,13.7,0,0,23.185714285714283
Peranakan Museum,,25.214285714285715,2026-07-01,0,1626534.75,7,-0.4999999999999997,-0.8660254037844388,23.185714285714283,24.185714285714287,23.185714285714287,18.2,10.6,11.5,9.9,10.7,10.9,12.0,22.8,13.0,0,0,25.214285714285715
Peranakan Museum,,57.471428571428575,2026-08-01,0,1545910.75,8,-0.8660254037844385,-0.5000000000000004,25.214285714285715,23.185714285714283,24.185714285714287,23.185714285714287,18.2,10.6,11.5,9.9,10.7,10.9,12.0,22.8,0,0,57.471428571428575
Peranakan Museum,,21.985714285714288,2026-09-01,0,1266321.375,9,-1.0,-1.8369701987210297e-16,57.471428571428575,25.214285714285715,23.185714285714283,24.185714285714287,23.185714285714287,18.2,10.6,11.5,9.9,10.7,10.9,12.0,0,0,21.985714285714288
Peranakan Museum,,21.357142857142858,2026-10-01,0,1338039.5,10,-0.8660254037844386,0.5000000000000001,21.985714285714288,57.471428571428575,25.214285714285715,23.185714285714283,24.185714285714287,23.185714285714287,18.2,10.6,11.5,9.9,10.7,10.9,0,0,21.357142857142858
Peranakan Museum,,20.428571428571427,2026-11-01,0,1300759.125,11,-0.5000000000000004,0.8660254037844384,21.357142857142858,21.985714285714288,57.471428571428575,25.214285714285715,23.185714285714283,24.185714285714287,23.185714285714287,18.2,10.6,11.5,9.9,10.7,0,1,20.428571428571427
Peranakan Museum,,20.071428571428573,2026-12-01,0,1476909.125,12,-2.4492935982947064e-16,1.0,20.428571428571427,21.357142857142858,21.985714285714288,57.471428571428575,25.214285714285715,23.185714285714283,24.185714285714287,23.185714285714287,18.2,10.6,11.5,9.9,0,0,20.071428571428573
Peranakan Museum,,21.175,2027-01-01,0,1508624.7777777778,1,0.49999999999999994,0.8660254037844387,20.071428571428573,20.428571428571427,21.357142857142858,21.985714285714288,57.471428571428575,25.214285714285715,23.185714285714283,24.185714285714287,23.185714285714287,18.2,10.6,11.5,0,0,21.175
Peranakan Museum,,20.4625,2027-02-01,0,1322803.0,2,0.8660254037844386,0.5000000000000001,21.175,20.071428571428573,20.428571428571427,21.357142857142858,21.985714285714288,57.471428571428575,25.214285714285715,23.185714285714283,24.185714285714287,23.185714285714287,18.2,10.6,0,0,20.4625
Peranakan Museum,,29.32222222222222,2027-03-01,0,1268778.7,3,1.0,6.123233995736766e-17,20.4625,21.175,20.071428571428573,20.428571428571427,21.357142857142858,21.985714285714288,57.471428571428575,25.214285714285715,23.185714285714283,24.185714285714287,23.185714285714287,18.2,0,0,29.32222222222222
Peranakan Museum,,23.185714285714287,2027-04-01,0,1386236.375,4,0.8660254037844387,-0.4999999999999998,29.32222222222222,20.4625,21.175,20.071428571428573,20.428571428571427,21.357142857142858,21.985714285714288,57.471428571428575,25.214285714285715,23.185714285714283,24.185714285714287,23.185714285714287,0,0,23.185714285714287
Peranakan Museum,,24.185714285714287,2027-05-01,0,1333350.0,5,0.49999999999999994,-0.8660254037844387,23.185714285714287,29.32222222222222,20.4625,21.175,20.071428571428573,20.428571428571427,21.357142857142858,21.985714285714288,57.471428571428575,25.214285714285715,23.185714285714283,24.185714285714287,0,0,24.185714285714287
Peranakan Museum,,23.185714285714283,2027-06-01,0,1320619.375,6,1.2246467991473532e-16,-1.0,24.185714285714287,23.185714285714287,29.32222222222222,20.4625,21.175,20.071428571428573,20.428571428571427,21.357142857142858,21.985714285714288,57.471428571428575,25.214285714285715,23.185714285714283,0,0,23.185714285714283
Peranakan Museum,,25.214285714285715,2027-07-01,0,1626534.75,7,-0.4999999999999997,-0.8660254037844388,23.185714285714283,24.185714285714287,23.185714285714287,29.32222222222222,20.4625,21.175,20.071428571428573,20.428571428571427,21.357142857142858,21.985714285714288,57.471428571428575,25.214285714285715,0,0,25.214285714285715
Peranakan Museum,,57.471428571428575,2027-08-01,0,1545910.75,8,-0.8660254037844385,-0.5000000000000004,25.214285714285715,23.185714285714283,24.185714285714287,23.185714285714287,29.32222222222222,20.4625,21.175,20.071428571428573,20.428571428571427,21.357142857142858,21.985714285714288,57.471428571428575,0,0,57.471428571428575
Peranakan Museum,,21.985714285714288,2027-09-01,0,1266321.375,9,-1.0,-1.8369701987210297e-16,57.471428571428575,25.214285714285715,23.185714285714283,24.185714285714287,23.185714285714287,29.32222222222222,20.4625,21.175,20.071428571428573,20.428571428571427,21.357142857142858,21.985714285714288,0,0,21.985714285714288
Peranakan Museum,,21.357142857142858,2027-10-01,0,1338039.5,10,-0.8660254037844386,0.5000000000000001,21.985714285714288,57.471428571428575,25.214285714285715,23.185714285714283,24.185714285714287,23.185714285714287,29.32222222222222,20.4625,21.175,20.071428571428573,20.428571428571427,21.357142857142858,0,1,21.357142857142858
Peranakan Museum,,20.428571428571427,2027-11-01,0,1300759.125,11,-0.5000000000000004,0.8660254037844384,21.357142857142858,21.985714285714288,57.471428571428575,25.214285714285715,23.185714285714283,24.185714285714287,23.185714285714287,29.32222222222222,20.4625,21.175,20.071428571428573,20.428571428571427,0,0,20.428571428571427
Peranakan Museum,,20.071428571428573,2027-12-01,0,1476909.125,12,-2.4492935982947064e-16,1.0,20.428571428571427,21.357142857142858,21.985714285714288,57.471428571428575,25.214285714285715,23.185714285714283,24.185714285714287,23.185714285714287,29.32222222222222,20.4625,21.175,20.071428571428573,0,0,20.071428571428573
Peranakan Museum,,21.175,2028-01-01,0,1508624.7777777778,1,0.49999999999999994,0.8660254037844387,20.071428571428573,20.428571428571427,21.357142857142858,21.985714285714288,57.471428571428575,25.214285714285715,23.185714285714283,24.185714285714287,23.185714285714287,29.32222222222222,20.4625,21.175,0,0,21.175
Peranakan Museum,,20.4625,2028-02-01,0,1322803.0,2,0.8660254037844386,0.5000000000000001,21.175,20.071428571428573,20.428571428571427,21.357142857142858,21.985714285714288,57.471428571428575,25.214285714285715,23.185714285714283,24.185714285714287,23.185714285714287,29.32222222222222,20.4625,0,0,20.4625
Peranakan Museum,,29.32222222222222,2028-03-01,0,1268778.7,3,1.0,6.123233995736766e-17,20.4625,21.175,20.071428571428573,20.428571428571427,21.357142857142858,21.985714285714288,57.471428571428575,25.214285714285715,23.185714285714283,24.185714285714287,23.185714285714287,29.32222222222222,0,0,29.32222222222222
