Institution,Model,Year,Month,Prediction
Asian Civilisations Museum,svr,2025,4,30.159161172968275
Asian Civilisations Museum,svr,2025,5,32.61325838315228
Asian Civilisations Museum,svr,2025,6,29.556524476313214
Asian Civilisations Museum,svr,2025,7,33.97937692565133
Asian Civilisations Museum,svr,2025,8,37.873369116334366
Asian Civilisations Museum,svr,2025,9,31.165776013942907
Asian Civilisations Museum,svr,2025,10,33.818101401652115
Asian Civilisations Museum,svr,2025,11,34.20979765114024
Asian Civilisations Museum,svr,2025,12,30.645472112740073
Asian Civilisations Museum,svr,2026,1,34.03978846327533
Asian Civilisations Museum,svr,2026,2,33.072740512815315
Asian Civilisations Museum,svr,2026,3,34.18769912010212
Asian Civilisations Museum,svr,2026,4,32.01308153720851
Asian Civilisations Museum,svr,2026,5,31.861311635841822
Asian Civilisations Museum,svr,2026,6,29.679762322124333
Asian Civilisations Museum,svr,2026,7,35.20455701942216
Asian Civilisations Museum,svr,2026,8,36.91169289732913
Asian Civilisations Museum,svr,2026,9,30.82149640326511
Asian Civilisations Museum,svr,2026,10,34.55397711033231
Asian Civilisations Museum,svr,2026,11,33.55851955236614
Asian Civilisations Museum,svr,2026,12,30.84372183150013
Asian Civilisations Museum,svr,2027,1,34.39963492973526
Asian Civilisations Museum,svr,2027,2,32.60853685933633
Asian Civilisations Museum,svr,2027,3,34.38438506430297
