Data Series,Reporting Period,Value
Total International Visitor Arrivals By Inbound Tourism Markets,2014 Jan,1345842
Total International Visitor Arrivals By Inbound Tourism Markets,2014 Feb,1238239
Total International Visitor Arrivals By Inbound Tourism Markets,2014 Mar,1297551
Total International Visitor Arrivals By Inbound Tourism Markets,2014 Apr,1245307
Total International Visitor Arrivals By Inbound Tourism Markets,2014 May,1208532
Total International Visitor Arrivals By Inbound Tourism Markets,2014 Jun,1181422
Total International Visitor Arrivals By Inbound Tourism Markets,2014 Jul,1408400
Total International Visitor Arrivals By Inbound Tourism Markets,2014 Aug,1362935
Total International Visitor Arrivals By Inbound Tourism Markets,2014 Sep,1098626
Total International Visitor Arrivals By Inbound Tourism Markets,2014 Oct,1203527
Total International Visitor Arrivals By Inbound Tourism Markets,2014 Nov,1144230
Total International Visitor Arrivals By Inbound Tourism Markets,2014 Dec,1360541
Total International Visitor Arrivals By Inbound Tourism Markets,2015 Jan,1252608
Total International Visitor Arrivals By Inbound Tourism Markets,2015 Feb,1188818
Total International Visitor Arrivals By Inbound Tourism Markets,2015 Mar,1201648
Total International Visitor Arrivals By Inbound Tourism Markets,2015 Apr,1208624
Total International Visitor Arrivals By Inbound Tourism Markets,2015 May,1222836
Total International Visitor Arrivals By Inbound Tourism Markets,2015 Jun,1184747
Total International Visitor Arrivals By Inbound Tourism Markets,2015 Jul,1519233
Total International Visitor Arrivals By Inbound Tourism Markets,2015 Aug,1445062
Total International Visitor Arrivals By Inbound Tourism Markets,2015 Sep,1131976
Total International Visitor Arrivals By Inbound Tourism Markets,2015 Oct,1246947
Total International Visitor Arrivals By Inbound Tourism Markets,2015 Nov,1203992
Total International Visitor Arrivals By Inbound Tourism Markets,2015 Dec,1424978
Total International Visitor Arrivals By Inbound Tourism Markets,2016 Jan,1412123
Total International Visitor Arrivals By Inbound Tourism Markets,2016 Feb,1335097
Total International Visitor Arrivals By Inbound Tourism Markets,2016 Mar,1406607
Total International Visitor Arrivals By Inbound Tourism Markets,2016 Apr,1393972
Total International Visitor Arrivals By Inbound Tourism Markets,2016 May,1357543
Total International Visitor Arrivals By Inbound Tourism Markets,2016 Jun,1270531
Total International Visitor Arrivals By Inbound Tourism Markets,2016 Jul,1622405
Total International Visitor Arrivals By Inbound Tourism Markets,2016 Aug,1481876
Total International Visitor Arrivals By Inbound Tourism Markets,2016 Sep,1144063
Total International Visitor Arrivals By Inbound Tourism Markets,2016 Oct,1237675
Total International Visitor Arrivals By Inbound Tourism Markets,2016 Nov,1235433
Total International Visitor Arrivals By Inbound Tourism Markets,2016 Dec,1506134
Total International Visitor Arrivals By Inbound Tourism Markets,2017 Jan,1480479
Total International Visitor Arrivals By Inbound Tourism Markets,2017 Feb,1361010
Total International Visitor Arrivals By Inbound Tourism Markets,2017 Mar,1480161
Total International Visitor Arrivals By Inbound Tourism Markets,2017 Apr,1470750
Total International Visitor Arrivals By Inbound Tourism Markets,2017 May,1363897
Total International Visitor Arrivals By Inbound Tourism Markets,2017 Jun,1387601
Total International Visitor Arrivals By Inbound Tourism Markets,2017 Jul,1632135
Total International Visitor Arrivals By Inbound Tourism Markets,2017 Aug,1559283
Total International Visitor Arrivals By Inbound Tourism Markets,2017 Sep,1320050
Total International Visitor Arrivals By Inbound Tourism Markets,2017 Oct,1402299
Total International Visitor Arrivals By Inbound Tourism Markets,2017 Nov,1397330
Total International Visitor Arrivals By Inbound Tourism Markets,2017 Dec,1569616
Total International Visitor Arrivals By Inbound Tourism Markets,2018 Jan,1563359
Total International Visitor Arrivals By Inbound Tourism Markets,2018 Feb,1491970
Total International Visitor Arrivals By Inbound Tourism Markets,2018 Mar,1584406
Total International Visitor Arrivals By Inbound Tourism Markets,2018 Apr,1544248
Total International Visitor Arrivals By Inbound Tourism Markets,2018 May,1470891
Total International Visitor Arrivals By Inbound Tourism Markets,2018 Jun,1544679
Total International Visitor Arrivals By Inbound Tourism Markets,2018 Jul,1732896
Total International Visitor Arrivals By Inbound Tourism Markets,2018 Aug,1683122
Total International Visitor Arrivals By Inbound Tourism Markets,2018 Sep,1415149
Total International Visitor Arrivals By Inbound Tourism Markets,2018 Oct,1467380
Total International Visitor Arrivals By Inbound Tourism Markets,2018 Nov,1406985
Total International Visitor Arrivals By Inbound Tourism Markets,2018 Dec,1603217
Total International Visitor Arrivals By Inbound Tourism Markets,2019 Jan,1624593
Total International Visitor Arrivals By Inbound Tourism Markets,2019 Feb,1499051
Total International Visitor Arrivals By Inbound Tourism Markets,2019 Mar,1564664
Total International Visitor Arrivals By Inbound Tourism Markets,2019 Apr,1596724
Total International Visitor Arrivals By Inbound Tourism Markets,2019 May,1487791
Total International Visitor Arrivals By Inbound Tourism Markets,2019 Jun,1551847
Total International Visitor Arrivals By Inbound Tourism Markets,2019 Jul,1802593
Total International Visitor Arrivals By Inbound Tourism Markets,2019 Aug,1736102
Total International Visitor Arrivals By Inbound Tourism Markets,2019 Sep,1463543
Total International Visitor Arrivals By Inbound Tourism Markets,2019 Oct,1530479
Total International Visitor Arrivals By Inbound Tourism Markets,2019 Nov,1533668
Total International Visitor Arrivals By Inbound Tourism Markets,2019 Dec,1724961
Total International Visitor Arrivals By Inbound Tourism Markets,2020 Jan,1688102
Total International Visitor Arrivals By Inbound Tourism Markets,2020 Feb,732966
Total International Visitor Arrivals By Inbound Tourism Markets,2020 Mar,240001
Total International Visitor Arrivals By Inbound Tourism Markets,2020 Apr,750
Total International Visitor Arrivals By Inbound Tourism Markets,2020 May,880
Total International Visitor Arrivals By Inbound Tourism Markets,2020 Jun,2171
Total International Visitor Arrivals By Inbound Tourism Markets,2020 Jul,6843
Total International Visitor Arrivals By Inbound Tourism Markets,2020 Aug,8912
Total International Visitor Arrivals By Inbound Tourism Markets,2020 Sep,9500
Total International Visitor Arrivals By Inbound Tourism Markets,2020 Oct,13399
Total International Visitor Arrivals By Inbound Tourism Markets,2020 Nov,14749
Total International Visitor Arrivals By Inbound Tourism Markets,2020 Dec,24170
Total International Visitor Arrivals By Inbound Tourism Markets,2021 Jan,23366
Total International Visitor Arrivals By Inbound Tourism Markets,2021 Feb,18141
Total International Visitor Arrivals By Inbound Tourism Markets,2021 Mar,27202
Total International Visitor Arrivals By Inbound Tourism Markets,2021 Apr,25737
Total International Visitor Arrivals By Inbound Tourism Markets,2021 May,14190
Total International Visitor Arrivals By Inbound Tourism Markets,2021 Jun,10029
Total International Visitor Arrivals By Inbound Tourism Markets,2021 Jul,18517
Total International Visitor Arrivals By Inbound Tourism Markets,2021 Aug,15887
Total International Visitor Arrivals By Inbound Tourism Markets,2021 Sep,19009
Total International Visitor Arrivals By Inbound Tourism Markets,2021 Oct,24006
Total International Visitor Arrivals By Inbound Tourism Markets,2021 Nov,41179
Total International Visitor Arrivals By Inbound Tourism Markets,2021 Dec,92796
Total International Visitor Arrivals By Inbound Tourism Markets,2022 Jan,57174
Total International Visitor Arrivals By Inbound Tourism Markets,2022 Feb,67765
Total International Visitor Arrivals By Inbound Tourism Markets,2022 Mar,121207
Total International Visitor Arrivals By Inbound Tourism Markets,2022 Apr,295095
Total International Visitor Arrivals By Inbound Tourism Markets,2022 May,418458
Total International Visitor Arrivals By Inbound Tourism Markets,2022 Jun,543733
Total International Visitor Arrivals By Inbound Tourism Markets,2022 Jul,726739
Total International Visitor Arrivals By Inbound Tourism Markets,2022 Aug,728744
Total International Visitor Arrivals By Inbound Tourism Markets,2022 Sep,782215
Total International Visitor Arrivals By Inbound Tourism Markets,2022 Oct,816833
Total International Visitor Arrivals By Inbound Tourism Markets,2022 Nov,816340
Total International Visitor Arrivals By Inbound Tourism Markets,2022 Dec,931441
Total International Visitor Arrivals By Inbound Tourism Markets,2023 Jan,931814
Total International Visitor Arrivals By Inbound Tourism Markets,2023 Feb,957844
Total International Visitor Arrivals By Inbound Tourism Markets,2023 Mar,1021040
Total International Visitor Arrivals By Inbound Tourism Markets,2023 Apr,1128610
Total International Visitor Arrivals By Inbound Tourism Markets,2023 May,1112512
Total International Visitor Arrivals By Inbound Tourism Markets,2023 Jun,1129310
Total International Visitor Arrivals By Inbound Tourism Markets,2023 Jul,1419642
Total International Visitor Arrivals By Inbound Tourism Markets,2023 Aug,1312693
Total International Visitor Arrivals By Inbound Tourism Markets,2023 Sep,1130762
Total International Visitor Arrivals By Inbound Tourism Markets,2023 Oct,1125964
Total International Visitor Arrivals By Inbound Tourism Markets,2023 Nov,1100459
Total International Visitor Arrivals By Inbound Tourism Markets,2023 Dec,1231565
Total International Visitor Arrivals By Inbound Tourism Markets,2024 Jan,1419956
Total International Visitor Arrivals By Inbound Tourism Markets,2024 Feb,1417807
Total International Visitor Arrivals By Inbound Tourism Markets,2024 Mar,1464865
Total International Visitor Arrivals By Inbound Tourism Markets,2024 Apr,1343319
Total International Visitor Arrivals By Inbound Tourism Markets,2024 May,1277159
Total International Visitor Arrivals By Inbound Tourism Markets,2024 Jun,1250292
Total International Visitor Arrivals By Inbound Tourism Markets,2024 Jul,1602594
Total International Visitor Arrivals By Inbound Tourism Markets,2024 Aug,1539824
Total International Visitor Arrivals By Inbound Tourism Markets,2024 Sep,1269801
Total International Visitor Arrivals By Inbound Tourism Markets,2024 Oct,1314473
Southeast Asia,2014 Jan,497205
Southeast Asia,2014 Feb,440212
Southeast Asia,2014 Mar,508913
Southeast Asia,2014 Apr,511901
Southeast Asia,2014 May,549855
Southeast Asia,2014 Jun,552708
Southeast Asia,2014 Jul,568294
Southeast Asia,2014 Aug,480265
Southeast Asia,2014 Sep,436327
Southeast Asia,2014 Oct,485039
Southeast Asia,2014 Nov,463159
Southeast Asia,2014 Dec,619198
Southeast Asia,2015 Jan,448133
Southeast Asia,2015 Feb,380389
Southeast Asia,2015 Mar,461999
Southeast Asia,2015 Apr,478213
Southeast Asia,2015 May,512074
Southeast Asia,2015 Jun,496392
Southeast Asia,2015 Jul,579570
Southeast Asia,2015 Aug,444137
Southeast Asia,2015 Sep,414155
Southeast Asia,2015 Oct,465052
Southeast Asia,2015 Nov,455128
Southeast Asia,2015 Dec,612913
Southeast Asia,2016 Jan,473005
Southeast Asia,2016 Feb,440596
Southeast Asia,2016 Mar,499023
Southeast Asia,2016 Apr,516058
Southeast Asia,2016 May,541795
Southeast Asia,2016 Jun,493485
Southeast Asia,2016 Jul,607290
Southeast Asia,2016 Aug,447752
Southeast Asia,2016 Sep,413178
Southeast Asia,2016 Oct,471598
Southeast Asia,2016 Nov,465948
Southeast Asia,2016 Dec,637752
Southeast Asia,2017 Jan,478812
Southeast Asia,2017 Feb,437738
Southeast Asia,2017 Mar,534535
Southeast Asia,2017 Apr,555812
Southeast Asia,2017 May,502134
Southeast Asia,2017 Jun,567156
Southeast Asia,2017 Jul,560387
Southeast Asia,2017 Aug,477817
Southeast Asia,2017 Sep,464113
Southeast Asia,2017 Oct,501024
Southeast Asia,2017 Nov,503852
Southeast Asia,2017 Dec,641734
Southeast Asia,2018 Jan,495111
Southeast Asia,2018 Feb,451842
Southeast Asia,2018 Mar,553248
Southeast Asia,2018 Apr,556681
Southeast Asia,2018 May,533719
Southeast Asia,2018 Jun,648291
Southeast Asia,2018 Jul,583679
Southeast Asia,2018 Aug,509153
Southeast Asia,2018 Sep,497316
Southeast Asia,2018 Oct,533250
Southeast Asia,2018 Nov,514632
Southeast Asia,2018 Dec,644044
Southeast Asia,2019 Jan,491810
Southeast Asia,2019 Feb,455405
Southeast Asia,2019 Mar,530303
Southeast Asia,2019 Apr,554453
Southeast Asia,2019 May,535242
Southeast Asia,2019 Jun,622117
Southeast Asia,2019 Jul,617788
Southeast Asia,2019 Aug,520958
Southeast Asia,2019 Sep,511664
Southeast Asia,2019 Oct,555996
Southeast Asia,2019 Nov,565680
Southeast Asia,2019 Dec,662907
Southeast Asia,2020 Jan,528985
Southeast Asia,2020 Feb,247016
Southeast Asia,2020 Mar,88027
Southeast Asia,2020 Apr,503
Southeast Asia,2020 May,574
Southeast Asia,2020 Jun,1100
Southeast Asia,2020 Jul,2310
Southeast Asia,2020 Aug,2833
Southeast Asia,2020 Sep,3770
Southeast Asia,2020 Oct,6378
Southeast Asia,2020 Nov,6457
Southeast Asia,2020 Dec,8826
Southeast Asia,2021 Jan,6786
Southeast Asia,2021 Feb,5666
Southeast Asia,2021 Mar,7331
Southeast Asia,2021 Apr,7262
Southeast Asia,2021 May,4478
Southeast Asia,2021 Jun,1561
Southeast Asia,2021 Jul,1968
Southeast Asia,2021 Aug,1933
Southeast Asia,2021 Sep,2774
Southeast Asia,2021 Oct,6448
Southeast Asia,2021 Nov,12937
Southeast Asia,2021 Dec,30006
Southeast Asia,2022 Jan,17563
Southeast Asia,2022 Feb,18760
Southeast Asia,2022 Mar,41170
Southeast Asia,2022 Apr,137294
Southeast Asia,2022 May,204656
Southeast Asia,2022 Jun,269088
Southeast Asia,2022 Jul,332161
Southeast Asia,2022 Aug,315820
Southeast Asia,2022 Sep,340369
Southeast Asia,2022 Oct,374927
Southeast Asia,2022 Nov,358257
Southeast Asia,2022 Dec,438856
Southeast Asia,2023 Jan,362255
Southeast Asia,2023 Feb,376496
Southeast Asia,2023 Mar,414934
Southeast Asia,2023 Apr,489334
Southeast Asia,2023 May,456263
Southeast Asia,2023 Jun,475814
Southeast Asia,2023 Jul,519036
Southeast Asia,2023 Aug,429652
Southeast Asia,2023 Sep,404106
Southeast Asia,2023 Oct,434927
Southeast Asia,2023 Nov,418065
Southeast Asia,2023 Dec,495668
Southeast Asia,2024 Jan,486141
Southeast Asia,2024 Feb,430395
Southeast Asia,2024 Mar,534123
Southeast Asia,2024 Apr,506437
Southeast Asia,2024 May,431069
Southeast Asia,2024 Jun,450962
Southeast Asia,2024 Jul,475241
Southeast Asia,2024 Aug,398576
Southeast Asia,2024 Sep,417164
Southeast Asia,2024 Oct,444029
Brunei Darussalam,2014 Jan,6418
Brunei Darussalam,2014 Feb,5076
Brunei Darussalam,2014 Mar,7545
Brunei Darussalam,2014 Apr,4741
Brunei Darussalam,2014 May,6254
Brunei Darussalam,2014 Jun,7393
Brunei Darussalam,2014 Jul,6305
Brunei Darussalam,2014 Aug,5079
Brunei Darussalam,2014 Sep,5601
Brunei Darussalam,2014 Oct,5440
Brunei Darussalam,2014 Nov,5806
Brunei Darussalam,2014 Dec,11998
Brunei Darussalam,2015 Jan,5521
Brunei Darussalam,2015 Feb,4759
Brunei Darussalam,2015 Mar,6989
Brunei Darussalam,2015 Apr,4977
Brunei Darussalam,2015 May,5378
Brunei Darussalam,2015 Jun,4992
Brunei Darussalam,2015 Jul,7237
Brunei Darussalam,2015 Aug,4585
Brunei Darussalam,2015 Sep,5761
Brunei Darussalam,2015 Oct,4825
Brunei Darussalam,2015 Nov,6191
Brunei Darussalam,2015 Dec,12379
Brunei Darussalam,2016 Jan,5596
Brunei Darussalam,2016 Feb,4768
Brunei Darussalam,2016 Mar,7100
Brunei Darussalam,2016 Apr,5466
Brunei Darussalam,2016 May,5768
Brunei Darussalam,2016 Jun,5061
Brunei Darussalam,2016 Jul,6409
Brunei Darussalam,2016 Aug,4665
Brunei Darussalam,2016 Sep,5551
Brunei Darussalam,2016 Oct,4022
Brunei Darussalam,2016 Nov,5256
Brunei Darussalam,2016 Dec,10229
Brunei Darussalam,2017 Jan,5297
Brunei Darussalam,2017 Feb,4379
Brunei Darussalam,2017 Mar,7835
Brunei Darussalam,2017 Apr,4662
Brunei Darussalam,2017 May,4645
Brunei Darussalam,2017 Jun,5758
Brunei Darussalam,2017 Jul,5625
Brunei Darussalam,2017 Aug,4610
Brunei Darussalam,2017 Sep,5387
Brunei Darussalam,2017 Oct,4202
Brunei Darussalam,2017 Nov,5258
Brunei Darussalam,2017 Dec,10761
Brunei Darussalam,2018 Jan,6076
Brunei Darussalam,2018 Feb,5105
Brunei Darussalam,2018 Mar,8171
Brunei Darussalam,2018 Apr,5766
Brunei Darussalam,2018 May,5250
Brunei Darussalam,2018 Jun,5897
Brunei Darussalam,2018 Jul,5769
Brunei Darussalam,2018 Aug,5168
Brunei Darussalam,2018 Sep,6133
Brunei Darussalam,2018 Oct,5017
Brunei Darussalam,2018 Nov,6118
Brunei Darussalam,2018 Dec,10490
Brunei Darussalam,2019 Jan,5953
Brunei Darussalam,2019 Feb,4105
Brunei Darussalam,2019 Mar,7996
Brunei Darussalam,2019 Apr,5159
Brunei Darussalam,2019 May,5370
Brunei Darussalam,2019 Jun,5276
Brunei Darussalam,2019 Jul,5882
Brunei Darussalam,2019 Aug,5156
Brunei Darussalam,2019 Sep,6356
Brunei Darussalam,2019 Oct,4687
Brunei Darussalam,2019 Nov,6366
Brunei Darussalam,2019 Dec,10298
Brunei Darussalam,2020 Jan,5364
Brunei Darussalam,2020 Feb,1764
Brunei Darussalam,2020 Mar,514
Brunei Darussalam,2020 Apr,3
Brunei Darussalam,2020 May,0
Brunei Darussalam,2020 Jun,1
Brunei Darussalam,2020 Jul,14
Brunei Darussalam,2020 Aug,8
Brunei Darussalam,2020 Sep,91
Brunei Darussalam,2020 Oct,120
Brunei Darussalam,2020 Nov,104
Brunei Darussalam,2020 Dec,170
Brunei Darussalam,2021 Jan,108
Brunei Darussalam,2021 Feb,84
Brunei Darussalam,2021 Mar,119
Brunei Darussalam,2021 Apr,80
Brunei Darussalam,2021 May,48
Brunei Darussalam,2021 Jun,64
Brunei Darussalam,2021 Jul,104
Brunei Darussalam,2021 Aug,81
Brunei Darussalam,2021 Sep,70
Brunei Darussalam,2021 Oct,121
Brunei Darussalam,2021 Nov,138
Brunei Darussalam,2021 Dec,231
Brunei Darussalam,2022 Jan,113
Brunei Darussalam,2022 Feb,163
Brunei Darussalam,2022 Mar,280
Brunei Darussalam,2022 Apr,807
Brunei Darussalam,2022 May,2271
Brunei Darussalam,2022 Jun,2202
Brunei Darussalam,2022 Jul,3239
Brunei Darussalam,2022 Aug,3426
Brunei Darussalam,2022 Sep,3809
Brunei Darussalam,2022 Oct,3733
Brunei Darussalam,2022 Nov,4273
Brunei Darussalam,2022 Dec,7324
Brunei Darussalam,2023 Jan,3653
Brunei Darussalam,2023 Feb,4739
Brunei Darussalam,2023 Mar,4460
Brunei Darussalam,2023 Apr,5850
Brunei Darussalam,2023 May,4570
Brunei Darussalam,2023 Jun,4121
Brunei Darussalam,2023 Jul,5108
Brunei Darussalam,2023 Aug,6214
Brunei Darussalam,2023 Sep,4502
Brunei Darussalam,2023 Oct,4390
Brunei Darussalam,2023 Nov,4799
Brunei Darussalam,2023 Dec,9281
Brunei Darussalam,2024 Jan,5215
Brunei Darussalam,2024 Feb,4582
Brunei Darussalam,2024 Mar,4779
Brunei Darussalam,2024 Apr,4844
Brunei Darussalam,2024 May,3857
Brunei Darussalam,2024 Jun,3711
Brunei Darussalam,2024 Jul,4401
Brunei Darussalam,2024 Aug,5679
Brunei Darussalam,2024 Sep,3968
Brunei Darussalam,2024 Oct,3959
Indonesia,2014 Jan,284126
Indonesia,2014 Feb,219036
Indonesia,2014 Mar,246308
Indonesia,2014 Apr,230236
Indonesia,2014 May,267714
Indonesia,2014 Jun,278181
Indonesia,2014 Jul,296880
Indonesia,2014 Aug,234710
Indonesia,2014 Sep,206593
Indonesia,2014 Oct,226630
Indonesia,2014 Nov,219369
Indonesia,2014 Dec,315395
Indonesia,2015 Jan,236295
Indonesia,2015 Feb,184183
Indonesia,2015 Mar,211347
Indonesia,2015 Apr,207138
Indonesia,2015 May,238688
Indonesia,2015 Jun,238403
Indonesia,2015 Jul,305600
Indonesia,2015 Aug,205671
Indonesia,2015 Sep,187629
Indonesia,2015 Oct,204574
Indonesia,2015 Nov,200687
Indonesia,2015 Dec,311475
Indonesia,2016 Jan,249876
Indonesia,2016 Feb,216284
Indonesia,2016 Mar,238160
Indonesia,2016 Apr,215353
Indonesia,2016 May,258606
Indonesia,2016 Jun,235444
Indonesia,2016 Jul,319759
Indonesia,2016 Aug,210626
Indonesia,2016 Sep,186610
Indonesia,2016 Oct,213070
Indonesia,2016 Nov,219845
Indonesia,2016 Dec,329994
Indonesia,2017 Jan,254634
Indonesia,2017 Feb,208853
Indonesia,2017 Mar,256636
Indonesia,2017 Apr,248048
Indonesia,2017 May,220534
Indonesia,2017 Jun,281171
Indonesia,2017 Jul,268010
Indonesia,2017 Aug,217339
Indonesia,2017 Sep,216278
Indonesia,2017 Oct,221036
Indonesia,2017 Nov,231705
Indonesia,2017 Dec,330156
Indonesia,2018 Jan,265384
Indonesia,2018 Feb,221178
Indonesia,2018 Mar,260685
Indonesia,2018 Apr,235260
Indonesia,2018 May,227536
Indonesia,2018 Jun,332990
Indonesia,2018 Jul,263277
Indonesia,2018 Aug,217787
Indonesia,2018 Sep,224629
Indonesia,2018 Oct,225244
Indonesia,2018 Nov,226425
Indonesia,2018 Dec,321060
Indonesia,2019 Jan,261622
Indonesia,2019 Feb,213991
Indonesia,2019 Mar,249164
Indonesia,2019 Apr,240868
Indonesia,2019 May,215825
Indonesia,2019 Jun,311036
Indonesia,2019 Jul,294173
Indonesia,2019 Aug,228095
Indonesia,2019 Sep,237637
Indonesia,2019 Oct,251936
Indonesia,2019 Nov,266774
Indonesia,2019 Dec,339505
Indonesia,2020 Jan,282144
Indonesia,2020 Feb,115351
Indonesia,2020 Mar,46499
Indonesia,2020 Apr,208
Indonesia,2020 May,196
Indonesia,2020 Jun,301
Indonesia,2020 Jul,793
Indonesia,2020 Aug,1027
Indonesia,2020 Sep,1428
Indonesia,2020 Oct,2424
Indonesia,2020 Nov,3121
Indonesia,2020 Dec,4204
Indonesia,2021 Jan,2625
Indonesia,2021 Feb,2176
Indonesia,2021 Mar,3032
Indonesia,2021 Apr,3278
Indonesia,2021 May,1800
Indonesia,2021 Jun,519
Indonesia,2021 Jul,156
Indonesia,2021 Aug,315
Indonesia,2021 Sep,669
Indonesia,2021 Oct,1954
Indonesia,2021 Nov,5756
Indonesia,2021 Dec,11177
Indonesia,2022 Jan,5885
Indonesia,2022 Feb,6872
Indonesia,2022 Mar,13622
Indonesia,2022 Apr,58330
Indonesia,2022 May,86745
Indonesia,2022 Jun,110094
Indonesia,2022 Jul,119086
Indonesia,2022 Aug,108252
Indonesia,2022 Sep,120169
Indonesia,2022 Oct,133408
Indonesia,2022 Nov,144444
Indonesia,2022 Dec,197261
Indonesia,2023 Jan,168975
Indonesia,2023 Feb,156448
Indonesia,2023 Mar,171507
Indonesia,2023 Apr,220067
Indonesia,2023 May,183758
Indonesia,2023 Jun,217052
Indonesia,2023 Jul,229886
Indonesia,2023 Aug,168122
Indonesia,2023 Sep,175603
Indonesia,2023 Oct,180884
Indonesia,2023 Nov,184281
Indonesia,2023 Dec,244322
Indonesia,2024 Jan,268958
Indonesia,2024 Feb,190713
Indonesia,2024 Mar,204970
Indonesia,2024 Apr,243892
Indonesia,2024 May,189182
Indonesia,2024 Jun,200085
Indonesia,2024 Jul,209823
Indonesia,2024 Aug,163910
Indonesia,2024 Sep,173551
Indonesia,2024 Oct,183711
Malaysia,2014 Jan,89482
Malaysia,2014 Feb,91181
Malaysia,2014 Mar,107002
Malaysia,2014 Apr,94982
Malaysia,2014 May,100648
Malaysia,2014 Jun,108945
Malaysia,2014 Jul,101461
Malaysia,2014 Aug,93222
Malaysia,2014 Sep,99339
Malaysia,2014 Oct,97184
Malaysia,2014 Nov,106313
Malaysia,2014 Dec,143276
Malaysia,2015 Jan,86193
Malaysia,2015 Feb,82408
Malaysia,2015 Mar,101929
Malaysia,2015 Apr,90515
Malaysia,2015 May,100340
Malaysia,2015 Jun,100074
Malaysia,2015 Jul,102347
Malaysia,2015 Aug,88834
Malaysia,2015 Sep,93334
Malaysia,2015 Oct,88338
Malaysia,2015 Nov,106214
Malaysia,2015 Dec,130551
Malaysia,2016 Jan,87208
Malaysia,2016 Feb,85850
Malaysia,2016 Mar,98135
Malaysia,2016 Apr,97070
Malaysia,2016 May,92668
Malaysia,2016 Jun,91901
Malaysia,2016 Jul,100397
Malaysia,2016 Aug,81655
Malaysia,2016 Sep,93519
Malaysia,2016 Oct,92736
Malaysia,2016 Nov,101549
Malaysia,2016 Dec,128897
Malaysia,2017 Jan,84504
Malaysia,2017 Feb,85058
Malaysia,2017 Mar,105372
Malaysia,2017 Apr,94550
Malaysia,2017 May,90335
Malaysia,2017 Jun,102776
Malaysia,2017 Jul,87138
Malaysia,2017 Aug,91135
Malaysia,2017 Sep,90837
Malaysia,2017 Oct,96015
Malaysia,2017 Nov,105404
Malaysia,2017 Dec,135260
Malaysia,2018 Jan,86833
Malaysia,2018 Feb,85212
Malaysia,2018 Mar,109897
Malaysia,2018 Apr,98351
Malaysia,2018 May,91244
Malaysia,2018 Jun,113049
Malaysia,2018 Jul,94611
Malaysia,2018 Aug,103490
Malaysia,2018 Sep,106880
Malaysia,2018 Oct,103676
Malaysia,2018 Nov,117793
Malaysia,2018 Dec,142986
Malaysia,2019 Jan,88293
Malaysia,2019 Feb,88706
Malaysia,2019 Mar,106200
Malaysia,2019 Apr,95076
Malaysia,2019 May,106518
Malaysia,2019 Jun,102074
Malaysia,2019 Jul,93071
Malaysia,2019 Aug,100225
Malaysia,2019 Sep,98438
Malaysia,2019 Oct,97378
Malaysia,2019 Nov,111473
Malaysia,2019 Dec,133278
Malaysia,2020 Jan,90720
Malaysia,2020 Feb,40829
Malaysia,2020 Mar,14887
Malaysia,2020 Apr,96
Malaysia,2020 May,157
Malaysia,2020 Jun,464
Malaysia,2020 Jul,626
Malaysia,2020 Aug,718
Malaysia,2020 Sep,1063
Malaysia,2020 Oct,1415
Malaysia,2020 Nov,1270
Malaysia,2020 Dec,1405
Malaysia,2021 Jan,1255
Malaysia,2021 Feb,1130
Malaysia,2021 Mar,1530
Malaysia,2021 Apr,1442
Malaysia,2021 May,844
Malaysia,2021 Jun,402
Malaysia,2021 Jul,554
Malaysia,2021 Aug,683
Malaysia,2021 Sep,797
Malaysia,2021 Oct,2104
Malaysia,2021 Nov,2537
Malaysia,2021 Dec,10939
Malaysia,2022 Jan,5203
Malaysia,2022 Feb,4468
Malaysia,2022 Mar,10610
Malaysia,2022 Apr,25319
Malaysia,2022 May,43214
Malaysia,2022 Jun,49878
Malaysia,2022 Jul,61575
Malaysia,2022 Aug,63905
Malaysia,2022 Sep,81914
Malaysia,2022 Oct,77092
Malaysia,2022 Nov,72305
Malaysia,2022 Dec,95475
Malaysia,2023 Jan,72756
Malaysia,2023 Feb,88040
Malaysia,2023 Mar,97835
Malaysia,2023 Apr,98190
Malaysia,2023 May,98347
Malaysia,2023 Jun,85945
Malaysia,2023 Jul,84876
Malaysia,2023 Aug,88044
Malaysia,2023 Sep,89384
Malaysia,2023 Oct,88643
Malaysia,2023 Nov,93414
Malaysia,2023 Dec,102683
Malaysia,2024 Jan,93381
Malaysia,2024 Feb,100051
Malaysia,2024 Mar,120242
Malaysia,2024 Apr,106186
Malaysia,2024 May,95621
Malaysia,2024 Jun,83558
Malaysia,2024 Jul,83066
Malaysia,2024 Aug,79895
Malaysia,2024 Sep,112110
Malaysia,2024 Oct,103432
Myanmar,2014 Jan,7807
Myanmar,2014 Feb,7513
Myanmar,2014 Mar,9789
Myanmar,2014 Apr,15255
Myanmar,2014 May,9538
Myanmar,2014 Jun,9530
Myanmar,2014 Jul,9345
Myanmar,2014 Aug,8903
Myanmar,2014 Sep,8294
Myanmar,2014 Oct,8958
Myanmar,2014 Nov,7973
Myanmar,2014 Dec,9859
Myanmar,2015 Jan,7825
Myanmar,2015 Feb,6204
Myanmar,2015 Mar,9681
Myanmar,2015 Apr,12969
Myanmar,2015 May,9162
Myanmar,2015 Jun,9326
Myanmar,2015 Jul,8757
Myanmar,2015 Aug,8000
Myanmar,2015 Sep,7461
Myanmar,2015 Oct,8762
Myanmar,2015 Nov,7625
Myanmar,2015 Dec,9680
Myanmar,2016 Jan,7703
Myanmar,2016 Feb,7090
Myanmar,2016 Mar,10517
Myanmar,2016 Apr,14495
Myanmar,2016 May,9470
Myanmar,2016 Jun,9731
Myanmar,2016 Jul,9937
Myanmar,2016 Aug,8012
Myanmar,2016 Sep,7102
Myanmar,2016 Oct,8218
Myanmar,2016 Nov,7648
Myanmar,2016 Dec,13691
Myanmar,2017 Jan,9902
Myanmar,2017 Feb,9783
Myanmar,2017 Mar,12656
Myanmar,2017 Apr,19610
Myanmar,2017 May,11705
Myanmar,2017 Jun,12144
Myanmar,2017 Jul,12619
Myanmar,2017 Aug,10934
Myanmar,2017 Sep,9888
Myanmar,2017 Oct,11616
Myanmar,2017 Nov,11402
Myanmar,2017 Dec,13462
Myanmar,2018 Jan,9883
Myanmar,2018 Feb,9594
Myanmar,2018 Mar,13797
Myanmar,2018 Apr,16422
Myanmar,2018 May,12274
Myanmar,2018 Jun,12008
Myanmar,2018 Jul,13189
Myanmar,2018 Aug,10759
Myanmar,2018 Sep,10211
Myanmar,2018 Oct,12874
Myanmar,2018 Nov,11846
Myanmar,2018 Dec,12753
Myanmar,2019 Jan,11074
Myanmar,2019 Feb,10522
Myanmar,2019 Mar,13499
Myanmar,2019 Apr,16252
Myanmar,2019 May,13300
Myanmar,2019 Jun,12899
Myanmar,2019 Jul,14805
Myanmar,2019 Aug,11942
Myanmar,2019 Sep,11742
Myanmar,2019 Oct,13824
Myanmar,2019 Nov,12598
Myanmar,2019 Dec,13536
Myanmar,2020 Jan,11341
Myanmar,2020 Feb,8018
Myanmar,2020 Mar,4762
Myanmar,2020 Apr,6
Myanmar,2020 May,7
Myanmar,2020 Jun,8
Myanmar,2020 Jul,52
Myanmar,2020 Aug,155
Myanmar,2020 Sep,244
Myanmar,2020 Oct,331
Myanmar,2020 Nov,472
Myanmar,2020 Dec,716
Myanmar,2021 Jan,1223
Myanmar,2021 Feb,905
Myanmar,2021 Mar,964
Myanmar,2021 Apr,1176
Myanmar,2021 May,720
Myanmar,2021 Jun,175
Myanmar,2021 Jul,247
Myanmar,2021 Aug,87
Myanmar,2021 Sep,159
Myanmar,2021 Oct,312
Myanmar,2021 Nov,1242
Myanmar,2021 Dec,2991
Myanmar,2022 Jan,2954
Myanmar,2022 Feb,2024
Myanmar,2022 Mar,3516
Myanmar,2022 Apr,5474
Myanmar,2022 May,6218
Myanmar,2022 Jun,9095
Myanmar,2022 Jul,10398
Myanmar,2022 Aug,8594
Myanmar,2022 Sep,8341
Myanmar,2022 Oct,9078
Myanmar,2022 Nov,9070
Myanmar,2022 Dec,10523
Myanmar,2023 Jan,8982
Myanmar,2023 Feb,7734
Myanmar,2023 Mar,9122
Myanmar,2023 Apr,11787
Myanmar,2023 May,10104
Myanmar,2023 Jun,9877
Myanmar,2023 Jul,10811
Myanmar,2023 Aug,10159
Myanmar,2023 Sep,10631
Myanmar,2023 Oct,11360
Myanmar,2023 Nov,11774
Myanmar,2023 Dec,13146
Myanmar,2024 Jan,12361
Myanmar,2024 Feb,10682
Myanmar,2024 Mar,15327
Myanmar,2024 Apr,15985
Myanmar,2024 May,13356
Myanmar,2024 Jun,12154
Myanmar,2024 Jul,12474
Myanmar,2024 Aug,9851
Myanmar,2024 Sep,9579
Myanmar,2024 Oct,11801
Philippines,2014 Jan,43702
Philippines,2014 Feb,44539
Philippines,2014 Mar,57050
Philippines,2014 Apr,73558
Philippines,2014 May,76976
Philippines,2014 Jun,56224
Philippines,2014 Jul,49506
Philippines,2014 Aug,51074
Philippines,2014 Sep,47246
Philippines,2014 Oct,58572
Philippines,2014 Nov,53508
Philippines,2014 Dec,64526
Philippines,2015 Jan,42839
Philippines,2015 Feb,41155
Philippines,2015 Mar,53649
Philippines,2015 Apr,72259
Philippines,2015 May,72159
Philippines,2015 Jun,53329
Philippines,2015 Jul,49724
Philippines,2015 Aug,52997
Philippines,2015 Sep,48209
Philippines,2015 Oct,58357
Philippines,2015 Nov,60583
Philippines,2015 Dec,68114
Philippines,2016 Jan,44334
Philippines,2016 Feb,47217
Philippines,2016 Mar,58963
Philippines,2016 Apr,74245
Philippines,2016 May,76646
Philippines,2016 Jun,56702
Philippines,2016 Jul,55005
Philippines,2016 Aug,50362
Philippines,2016 Sep,45804
Philippines,2016 Oct,57924
Philippines,2016 Nov,55814
Philippines,2016 Dec,68624
Philippines,2017 Jan,46187
Philippines,2017 Feb,51160
Philippines,2017 Mar,61816
Philippines,2017 Apr,81952
Philippines,2017 May,77671
Philippines,2017 Jun,62002
Philippines,2017 Jul,58727
Philippines,2017 Aug,53539
Philippines,2017 Sep,52500
Philippines,2017 Oct,60194
Philippines,2017 Nov,64826
Philippines,2017 Dec,65926
Philippines,2018 Jan,45184
Philippines,2018 Feb,45279
Philippines,2018 Mar,62876
Philippines,2018 Apr,79128
Philippines,2018 May,83657
Philippines,2018 Jun,68932
Philippines,2018 Jul,64757
Philippines,2018 Aug,63556
Philippines,2018 Sep,57241
Philippines,2018 Oct,68218
Philippines,2018 Nov,66526
Philippines,2018 Dec,72787
Philippines,2019 Jan,49245
Philippines,2019 Feb,52211
Philippines,2019 Mar,59383
Philippines,2019 Apr,83453
Philippines,2019 May,89800
Philippines,2019 Jun,73977
Philippines,2019 Jul,68893
Philippines,2019 Aug,66587
Philippines,2019 Sep,62660
Philippines,2019 Oct,73812
Philippines,2019 Nov,72701
Philippines,2019 Dec,76603
Philippines,2020 Jan,49522
Philippines,2020 Feb,32073
Philippines,2020 Mar,11860
Philippines,2020 Apr,32
Philippines,2020 May,65
Philippines,2020 Jun,128
Philippines,2020 Jul,400
Philippines,2020 Aug,480
Philippines,2020 Sep,360
Philippines,2020 Oct,1076
Philippines,2020 Nov,710
Philippines,2020 Dec,1175
Philippines,2021 Jan,763
Philippines,2021 Feb,880
Philippines,2021 Mar,1112
Philippines,2021 Apr,789
Philippines,2021 May,745
Philippines,2021 Jun,262
Philippines,2021 Jul,438
Philippines,2021 Aug,392
Philippines,2021 Sep,655
Philippines,2021 Oct,1042
Philippines,2021 Nov,2450
Philippines,2021 Dec,1966
Philippines,2022 Jan,1469
Philippines,2022 Feb,2026
Philippines,2022 Mar,6250
Philippines,2022 Apr,16940
Philippines,2022 May,22379
Philippines,2022 Jun,32139
Philippines,2022 Jul,45338
Philippines,2022 Aug,42542
Philippines,2022 Sep,44856
Philippines,2022 Oct,56747
Philippines,2022 Nov,54793
Philippines,2022 Dec,56509
Philippines,2023 Jan,38484
Philippines,2023 Feb,47446
Philippines,2023 Mar,50591
Philippines,2023 Apr,57030
Philippines,2023 May,59346
Philippines,2023 Jun,71409
Philippines,2023 Jul,77160
Philippines,2023 Aug,61802
Philippines,2023 Sep,50679
Philippines,2023 Oct,54649
Philippines,2023 Nov,61213
Philippines,2023 Dec,62866
Philippines,2024 Jan,46287
Philippines,2024 Feb,55604
Philippines,2024 Mar,100271
Philippines,2024 Apr,53154
Philippines,2024 May,58311
Philippines,2024 Jun,76120
Philippines,2024 Jul,72589
Philippines,2024 Aug,60174
Philippines,2024 Sep,55953
Philippines,2024 Oct,61488
Thailand,2014 Jan,35263
Thailand,2014 Feb,35161
Thailand,2014 Mar,46338
Thailand,2014 Apr,56136
Thailand,2014 May,46683
Thailand,2014 Jun,39083
Thailand,2014 Jul,43785
Thailand,2014 Aug,40849
Thailand,2014 Sep,35122
Thailand,2014 Oct,53916
Thailand,2014 Nov,35138
Thailand,2014 Dec,39035
Thailand,2015 Jan,36798
Thailand,2015 Feb,29889
Thailand,2015 Mar,43504
Thailand,2015 Apr,47838
Thailand,2015 May,45674
Thailand,2015 Jun,40121
Thailand,2015 Jul,45729
Thailand,2015 Aug,39579
Thailand,2015 Sep,39567
Thailand,2015 Oct,63693
Thailand,2015 Nov,38576
Thailand,2015 Dec,45441
Thailand,2016 Jan,44330
Thailand,2016 Feb,38650
Thailand,2016 Mar,48381
Thailand,2016 Apr,62514
Thailand,2016 May,52331
Thailand,2016 Jun,36982
Thailand,2016 Jul,49788
Thailand,2016 Aug,39434
Thailand,2016 Sep,36911
Thailand,2016 Oct,58094
Thailand,2016 Nov,35520
Thailand,2016 Dec,43619
Thailand,2017 Jan,36813
Thailand,2017 Feb,38502
Thailand,2017 Mar,47025
Thailand,2017 Apr,58504
Thailand,2017 May,47074
Thailand,2017 Jun,34623
Thailand,2017 Jul,48620
Thailand,2017 Aug,40993
Thailand,2017 Sep,39692
Thailand,2017 Oct,61448
Thailand,2017 Nov,39331
Thailand,2017 Dec,38710
Thailand,2018 Jan,38143
Thailand,2018 Feb,34566
Thailand,2018 Mar,47744
Thailand,2018 Apr,61015
Thailand,2018 May,49858
Thailand,2018 Jun,38113
Thailand,2018 Jul,53379
Thailand,2018 Aug,40452
Thailand,2018 Sep,40580
Thailand,2018 Oct,65734
Thailand,2018 Nov,38796
Thailand,2018 Dec,37270
Thailand,2019 Jan,34822
Thailand,2019 Feb,33685
Thailand,2019 Mar,45072
Thailand,2019 Apr,57010
Thailand,2019 May,45735
Thailand,2019 Jun,35558
Thailand,2019 Jul,51916
Thailand,2019 Aug,39919
Thailand,2019 Sep,39776
Thailand,2019 Oct,63335
Thailand,2019 Nov,40986
Thailand,2019 Dec,40733
Thailand,2020 Jan,34152
Thailand,2020 Feb,24667
Thailand,2020 Mar,2898
Thailand,2020 Apr,153
Thailand,2020 May,138
Thailand,2020 Jun,158
Thailand,2020 Jul,243
Thailand,2020 Aug,206
Thailand,2020 Sep,260
Thailand,2020 Oct,229
Thailand,2020 Nov,195
Thailand,2020 Dec,323
Thailand,2021 Jan,221
Thailand,2021 Feb,179
Thailand,2021 Mar,178
Thailand,2021 Apr,246
Thailand,2021 May,163
Thailand,2021 Jun,99
Thailand,2021 Jul,334
Thailand,2021 Aug,264
Thailand,2021 Sep,290
Thailand,2021 Oct,623
Thailand,2021 Nov,361
Thailand,2021 Dec,1421
Thailand,2022 Jan,1060
Thailand,2022 Feb,1622
Thailand,2022 Mar,3038
Thailand,2022 Apr,10647
Thailand,2022 May,18487
Thailand,2022 Jun,23406
Thailand,2022 Jul,36615
Thailand,2022 Aug,33284
Thailand,2022 Sep,32426
Thailand,2022 Oct,52274
Thailand,2022 Nov,34566
Thailand,2022 Dec,36006
Thailand,2023 Jan,29735
Thailand,2023 Feb,37156
Thailand,2023 Mar,43145
Thailand,2023 Apr,49727
Thailand,2023 May,40375
Thailand,2023 Jun,31029
Thailand,2023 Jul,41367
Thailand,2023 Aug,34938
Thailand,2023 Sep,32307
Thailand,2023 Oct,53442
Thailand,2023 Nov,26808
Thailand,2023 Dec,29987
Thailand,2024 Jan,27194
Thailand,2024 Feb,31089
Thailand,2024 Mar,45975
Thailand,2024 Apr,42507
Thailand,2024 May,32818
Thailand,2024 Jun,25459
Thailand,2024 Jul,32834
Thailand,2024 Aug,27966
Thailand,2024 Sep,27661
Thailand,2024 Oct,44447
Vietnam,2014 Jan,26071
Vietnam,2014 Feb,33053
Vietnam,2014 Mar,31060
Vietnam,2014 Apr,30234
Vietnam,2014 May,36630
Vietnam,2014 Jun,48999
Vietnam,2014 Jul,55951
Vietnam,2014 Aug,41775
Vietnam,2014 Sep,28960
Vietnam,2014 Oct,30552
Vietnam,2014 Nov,29938
Vietnam,2014 Dec,31185
Vietnam,2015 Jan,28632
Vietnam,2015 Feb,28150
Vietnam,2015 Mar,30907
Vietnam,2015 Apr,36472
Vietnam,2015 May,35974
Vietnam,2015 Jun,45490
Vietnam,2015 Jul,54711
Vietnam,2015 Aug,39519
Vietnam,2015 Sep,28282
Vietnam,2015 Oct,30686
Vietnam,2015 Nov,29284
Vietnam,2015 Dec,30159
Vietnam,2016 Jan,29145
Vietnam,2016 Feb,35731
Vietnam,2016 Mar,33122
Vietnam,2016 Apr,38398
Vietnam,2016 May,40046
Vietnam,2016 Jun,52449
Vietnam,2016 Jul,59800
Vietnam,2016 Aug,46773
Vietnam,2016 Sep,32777
Vietnam,2016 Oct,32192
Vietnam,2016 Nov,33482
Vietnam,2016 Dec,35494
Vietnam,2017 Jan,35367
Vietnam,2017 Feb,34586
Vietnam,2017 Mar,37887
Vietnam,2017 Apr,39370
Vietnam,2017 May,43434
Vietnam,2017 Jun,62831
Vietnam,2017 Jul,71153
Vietnam,2017 Aug,51866
Vietnam,2017 Sep,40270
Vietnam,2017 Oct,39013
Vietnam,2017 Nov,36964
Vietnam,2017 Dec,38618
Vietnam,2018 Jan,35882
Vietnam,2018 Feb,42823
Vietnam,2018 Mar,41109
Vietnam,2018 Apr,48758
Vietnam,2018 May,53025
Vietnam,2018 Jun,69697
Vietnam,2018 Jul,79816
Vietnam,2018 Aug,60051
Vietnam,2018 Sep,43407
Vietnam,2018 Oct,41185
Vietnam,2018 Nov,38089
Vietnam,2018 Dec,37772
Vietnam,2019 Jan,32747
Vietnam,2019 Feb,44283
Vietnam,2019 Mar,41153
Vietnam,2019 Apr,45613
Vietnam,2019 May,49071
Vietnam,2019 Jun,72441
Vietnam,2019 Jul,78515
Vietnam,2019 Aug,59034
Vietnam,2019 Sep,44012
Vietnam,2019 Oct,41501
Vietnam,2019 Nov,45125
Vietnam,2019 Dec,38451
Vietnam,2020 Jan,46350
Vietnam,2020 Feb,19791
Vietnam,2020 Mar,5390
Vietnam,2020 Apr,5
Vietnam,2020 May,11
Vietnam,2020 Jun,40
Vietnam,2020 Jul,169
Vietnam,2020 Aug,230
Vietnam,2020 Sep,310
Vietnam,2020 Oct,759
Vietnam,2020 Nov,566
Vietnam,2020 Dec,803
Vietnam,2021 Jan,553
Vietnam,2021 Feb,286
Vietnam,2021 Mar,363
Vietnam,2021 Apr,239
Vietnam,2021 May,147
Vietnam,2021 Jun,36
Vietnam,2021 Jul,116
Vietnam,2021 Aug,89
Vietnam,2021 Sep,104
Vietnam,2021 Oct,264
Vietnam,2021 Nov,407
Vietnam,2021 Dec,840
Vietnam,2022 Jan,627
Vietnam,2022 Feb,1055
Vietnam,2022 Mar,2932
Vietnam,2022 Apr,16657
Vietnam,2022 May,21570
Vietnam,2022 Jun,36857
Vietnam,2022 Jul,48870
Vietnam,2022 Aug,48939
Vietnam,2022 Sep,41129
Vietnam,2022 Oct,36242
Vietnam,2022 Nov,30175
Vietnam,2022 Dec,27661
Vietnam,2023 Jan,31824
Vietnam,2023 Feb,27896
Vietnam,2023 Mar,31347
Vietnam,2023 Apr,36630
Vietnam,2023 May,50765
Vietnam,2023 Jun,48924
Vietnam,2023 Jul,60188
Vietnam,2023 Aug,51381
Vietnam,2023 Sep,34736
Vietnam,2023 Oct,32730
Vietnam,2023 Nov,27484
Vietnam,2023 Dec,24680
Vietnam,2024 Jan,25911
Vietnam,2024 Feb,31776
Vietnam,2024 Mar,35358
Vietnam,2024 Apr,30810
Vietnam,2024 May,31215
Vietnam,2024 Jun,42327
Vietnam,2024 Jul,50619
Vietnam,2024 Aug,43400
Vietnam,2024 Sep,27627
Vietnam,2024 Oct,27139
Other Markets In Southeast Asia,2014 Jan,4336
Other Markets In Southeast Asia,2014 Feb,4653
Other Markets In Southeast Asia,2014 Mar,3821
Other Markets In Southeast Asia,2014 Apr,6759
Other Markets In Southeast Asia,2014 May,5412
Other Markets In Southeast Asia,2014 Jun,4353
Other Markets In Southeast Asia,2014 Jul,5061
Other Markets In Southeast Asia,2014 Aug,4653
Other Markets In Southeast Asia,2014 Sep,5172
Other Markets In Southeast Asia,2014 Oct,3787
Other Markets In Southeast Asia,2014 Nov,5114
Other Markets In Southeast Asia,2014 Dec,3924
Other Markets In Southeast Asia,2015 Jan,4030
Other Markets In Southeast Asia,2015 Feb,3641
Other Markets In Southeast Asia,2015 Mar,3993
Other Markets In Southeast Asia,2015 Apr,6045
Other Markets In Southeast Asia,2015 May,4699
Other Markets In Southeast Asia,2015 Jun,4657
Other Markets In Southeast Asia,2015 Jul,5465
Other Markets In Southeast Asia,2015 Aug,4952
Other Markets In Southeast Asia,2015 Sep,3912
Other Markets In Southeast Asia,2015 Oct,5817
Other Markets In Southeast Asia,2015 Nov,5968
Other Markets In Southeast Asia,2015 Dec,5114
Other Markets In Southeast Asia,2016 Jan,4813
Other Markets In Southeast Asia,2016 Feb,5006
Other Markets In Southeast Asia,2016 Mar,4645
Other Markets In Southeast Asia,2016 Apr,8517
Other Markets In Southeast Asia,2016 May,6260
Other Markets In Southeast Asia,2016 Jun,5215
Other Markets In Southeast Asia,2016 Jul,6195
Other Markets In Southeast Asia,2016 Aug,6225
Other Markets In Southeast Asia,2016 Sep,4904
Other Markets In Southeast Asia,2016 Oct,5342
Other Markets In Southeast Asia,2016 Nov,6834
Other Markets In Southeast Asia,2016 Dec,7204
Other Markets In Southeast Asia,2017 Jan,6108
Other Markets In Southeast Asia,2017 Feb,5417
Other Markets In Southeast Asia,2017 Mar,5308
Other Markets In Southeast Asia,2017 Apr,9116
Other Markets In Southeast Asia,2017 May,6736
Other Markets In Southeast Asia,2017 Jun,5851
Other Markets In Southeast Asia,2017 Jul,8495
Other Markets In Southeast Asia,2017 Aug,7401
Other Markets In Southeast Asia,2017 Sep,9261
Other Markets In Southeast Asia,2017 Oct,7500
Other Markets In Southeast Asia,2017 Nov,8962
Other Markets In Southeast Asia,2017 Dec,8841
Other Markets In Southeast Asia,2018 Jan,7726
Other Markets In Southeast Asia,2018 Feb,8085
Other Markets In Southeast Asia,2018 Mar,8969
Other Markets In Southeast Asia,2018 Apr,11981
Other Markets In Southeast Asia,2018 May,10875
Other Markets In Southeast Asia,2018 Jun,7605
Other Markets In Southeast Asia,2018 Jul,8881
Other Markets In Southeast Asia,2018 Aug,7890
Other Markets In Southeast Asia,2018 Sep,8235
Other Markets In Southeast Asia,2018 Oct,11302
Other Markets In Southeast Asia,2018 Nov,9039
Other Markets In Southeast Asia,2018 Dec,8926
Other Markets In Southeast Asia,2019 Jan,8054
Other Markets In Southeast Asia,2019 Feb,7902
Other Markets In Southeast Asia,2019 Mar,7836
Other Markets In Southeast Asia,2019 Apr,11022
Other Markets In Southeast Asia,2019 May,9623
Other Markets In Southeast Asia,2019 Jun,8856
Other Markets In Southeast Asia,2019 Jul,10533
Other Markets In Southeast Asia,2019 Aug,10000
Other Markets In Southeast Asia,2019 Sep,11043
Other Markets In Southeast Asia,2019 Oct,9523
Other Markets In Southeast Asia,2019 Nov,9657
Other Markets In Southeast Asia,2019 Dec,10503
Other Markets In Southeast Asia,2020 Jan,9392
Other Markets In Southeast Asia,2020 Feb,4523
Other Markets In Southeast Asia,2020 Mar,1217
Other Markets In Southeast Asia,2020 Apr,0
Other Markets In Southeast Asia,2020 May,0
Other Markets In Southeast Asia,2020 Jun,0
Other Markets In Southeast Asia,2020 Jul,13
Other Markets In Southeast Asia,2020 Aug,9
Other Markets In Southeast Asia,2020 Sep,14
Other Markets In Southeast Asia,2020 Oct,24
Other Markets In Southeast Asia,2020 Nov,19
Other Markets In Southeast Asia,2020 Dec,30
Other Markets In Southeast Asia,2021 Jan,38
Other Markets In Southeast Asia,2021 Feb,26
Other Markets In Southeast Asia,2021 Mar,33
Other Markets In Southeast Asia,2021 Apr,12
Other Markets In Southeast Asia,2021 May,11
Other Markets In Southeast Asia,2021 Jun,4
Other Markets In Southeast Asia,2021 Jul,19
Other Markets In Southeast Asia,2021 Aug,22
Other Markets In Southeast Asia,2021 Sep,30
Other Markets In Southeast Asia,2021 Oct,28
Other Markets In Southeast Asia,2021 Nov,46
Other Markets In Southeast Asia,2021 Dec,441
Other Markets In Southeast Asia,2022 Jan,252
Other Markets In Southeast Asia,2022 Feb,530
Other Markets In Southeast Asia,2022 Mar,922
Other Markets In Southeast Asia,2022 Apr,3120
Other Markets In Southeast Asia,2022 May,3772
Other Markets In Southeast Asia,2022 Jun,5417
Other Markets In Southeast Asia,2022 Jul,7040
Other Markets In Southeast Asia,2022 Aug,6878
Other Markets In Southeast Asia,2022 Sep,7725
Other Markets In Southeast Asia,2022 Oct,6353
Other Markets In Southeast Asia,2022 Nov,8631
Other Markets In Southeast Asia,2022 Dec,8097
Other Markets In Southeast Asia,2023 Jan,7846
Other Markets In Southeast Asia,2023 Feb,7037
Other Markets In Southeast Asia,2023 Mar,6927
Other Markets In Southeast Asia,2023 Apr,10053
Other Markets In Southeast Asia,2023 May,8998
Other Markets In Southeast Asia,2023 Jun,7457
Other Markets In Southeast Asia,2023 Jul,9640
Other Markets In Southeast Asia,2023 Aug,8992
Other Markets In Southeast Asia,2023 Sep,6264
Other Markets In Southeast Asia,2023 Oct,8829
Other Markets In Southeast Asia,2023 Nov,8292
Other Markets In Southeast Asia,2023 Dec,8703
Other Markets In Southeast Asia,2024 Jan,6834
Other Markets In Southeast Asia,2024 Feb,5898
Other Markets In Southeast Asia,2024 Mar,7201
Other Markets In Southeast Asia,2024 Apr,9059
Other Markets In Southeast Asia,2024 May,6709
Other Markets In Southeast Asia,2024 Jun,7548
Other Markets In Southeast Asia,2024 Jul,9435
Other Markets In Southeast Asia,2024 Aug,7701
Other Markets In Southeast Asia,2024 Sep,6715
Other Markets In Southeast Asia,2024 Oct,8052
Greater China,2014 Jan,264443
Greater China,2014 Feb,287243
Greater China,2014 Mar,232681
Greater China,2014 Apr,224305
Greater China,2014 May,172254
Greater China,2014 Jun,167167
Greater China,2014 Jul,309197
Greater China,2014 Aug,305291
Greater China,2014 Sep,173014
Greater China,2014 Oct,200246
Greater China,2014 Nov,194072
Greater China,2014 Dec,192653
Greater China,2015 Jan,207586
Greater China,2015 Feb,327971
Greater China,2015 Mar,198908
Greater China,2015 Apr,243881
Greater China,2015 May,214376
Greater China,2015 Jun,222897
Greater China,2015 Jul,383975
Greater China,2015 Aug,408047
Greater China,2015 Sep,219786
Greater China,2015 Oct,236418
Greater China,2015 Nov,221707
Greater China,2015 Dec,240080
Greater China,2016 Jan,302777
Greater China,2016 Feb,373011
Greater China,2016 Mar,328713
Greater China,2016 Apr,346908
Greater China,2016 May,304453
Greater China,2016 Jun,302687
Greater China,2016 Jul,430751
Greater China,2016 Aug,433176
Greater China,2016 Sep,232061
Greater China,2016 Oct,232317
Greater China,2016 Nov,247733
Greater China,2016 Dec,286667
Greater China,2017 Jan,389744
Greater China,2017 Feb,342756
Greater China,2017 Mar,328080
Greater China,2017 Apr,338068
Greater China,2017 May,298939
Greater China,2017 Jun,283320
Greater China,2017 Jul,455964
Greater China,2017 Aug,458502
Greater China,2017 Sep,289803
Greater China,2017 Oct,313669
Greater China,2017 Nov,311846
Greater China,2017 Dec,305363
Greater China,2018 Jan,358429
Greater China,2018 Feb,452920
Greater China,2018 Mar,349144
Greater China,2018 Apr,370121
Greater China,2018 May,330962
Greater China,2018 Jun,316668
Greater China,2018 Jul,470287
Greater China,2018 Aug,487260
Greater China,2018 Sep,309748
Greater China,2018 Oct,314537
Greater China,2018 Nov,280164
Greater China,2018 Dec,302561
Greater China,2019 Jan,393850
Greater China,2019 Feb,423941
Greater China,2019 Mar,365215
Greater China,2019 Apr,389376
Greater China,2019 May,349842
Greater China,2019 Jun,338988
Greater China,2019 Jul,498897
Greater China,2019 Aug,499809
Greater China,2019 Sep,318888
Greater China,2019 Oct,331072
Greater China,2019 Nov,319671
Greater China,2019 Dec,342199
Greater China,2020 Jan,413392
Greater China,2020 Feb,36496
Greater China,2020 Mar,8410
Greater China,2020 Apr,33
Greater China,2020 May,29
Greater China,2020 Jun,220
Greater China,2020 Jul,1410
Greater China,2020 Aug,2622
Greater China,2020 Sep,2845
Greater China,2020 Oct,3626
Greater China,2020 Nov,4475
Greater China,2020 Dec,8422
Greater China,2021 Jan,7222
Greater China,2021 Feb,4984
Greater China,2021 Mar,9467
Greater China,2021 Apr,9591
Greater China,2021 May,7852
Greater China,2021 Jun,7383
Greater China,2021 Jul,13514
Greater China,2021 Aug,9978
Greater China,2021 Sep,10099
Greater China,2021 Oct,6971
Greater China,2021 Nov,4307
Greater China,2021 Dec,5963
Greater China,2022 Jan,5759
Greater China,2022 Feb,6177
Greater China,2022 Mar,8563
Greater China,2022 Apr,13729
Greater China,2022 May,17723
Greater China,2022 Jun,23566
Greater China,2022 Jul,35493
Greater China,2022 Aug,33996
Greater China,2022 Sep,36676
Greater China,2022 Oct,42415
Greater China,2022 Nov,49506
Greater China,2022 Dec,60836
Greater China,2023 Jan,89388
Greater China,2023 Feb,82278
Greater China,2023 Mar,105132
Greater China,2023 Apr,150903
Greater China,2023 May,148053
Greater China,2023 Jun,167228
Greater China,2023 Jul,309869
Greater China,2023 Aug,289817
Greater China,2023 Sep,188758
Greater China,2023 Oct,177880
Greater China,2023 Nov,150216
Greater China,2023 Dec,176872
Greater China,2024 Jan,276899
Greater China,2024 Feb,401348
Greater China,2024 Mar,315946
Greater China,2024 Apr,278900
Greater China,2024 May,276637
Greater China,2024 Jun,277314
Greater China,2024 Jul,500093
Greater China,2024 Aug,484555
Greater China,2024 Sep,275504
Greater China,2024 Oct,290842
China,2014 Jan,188237
China,2014 Feb,203600
China,2014 Mar,165642
China,2014 Apr,126507
China,2014 May,95987
China,2014 Jun,91485
China,2014 Jul,180653
China,2014 Aug,174150
China,2014 Sep,105780
China,2014 Oct,133993
China,2014 Nov,131731
China,2014 Dec,124615
China,2015 Jan,140548
China,2015 Feb,238011
China,2015 Mar,130827
China,2015 Apr,153784
China,2015 May,141375
China,2015 Jun,144533
China,2015 Jul,246819
China,2015 Aug,267122
China,2015 Sep,149929
China,2015 Oct,165649
China,2015 Nov,158736
China,2015 Dec,168831
China,2016 Jan,229150
China,2016 Feb,277926
China,2016 Mar,241230
China,2016 Apr,269560
China,2016 May,234089
China,2016 Jun,221614
China,2016 Jul,311124
China,2016 Aug,315548
China,2016 Sep,170204
China,2016 Oct,173185
China,2016 Nov,193984
China,2016 Dec,226020
China,2017 Jan,316805
China,2017 Feb,268993
China,2017 Mar,264711
China,2017 Apr,252135
China,2017 May,232361
China,2017 Jun,218118
China,2017 Jul,349654
China,2017 Aug,357287
China,2017 Sep,226978
China,2017 Oct,245755
China,2017 Nov,251096
China,2017 Dec,244241
China,2018 Jan,291208
China,2018 Feb,366616
China,2018 Mar,274879
China,2018 Apr,291119
China,2018 May,264802
China,2018 Jun,242118
China,2018 Jul,361019
China,2018 Aug,380108
China,2018 Sep,239824
China,2018 Oct,247664
China,2018 Nov,220053
China,2018 Dec,238194
China,2019 Jan,320581
China,2019 Feb,339550
China,2019 Mar,300209
China,2019 Apr,302098
China,2019 May,283445
China,2019 Jun,266107
China,2019 Jul,389503
China,2019 Aug,397070
China,2019 Sep,248568
China,2019 Oct,258611
China,2019 Nov,248636
China,2019 Dec,272742
China,2020 Jan,329047
China,2020 Feb,6222
China,2020 Mar,1488
China,2020 Apr,18
China,2020 May,23
China,2020 Jun,118
China,2020 Jul,958
China,2020 Aug,2163
China,2020 Sep,2422
China,2020 Oct,3169
China,2020 Nov,4007
China,2020 Dec,7657
China,2021 Jan,6599
China,2021 Feb,4498
China,2021 Mar,8892
China,2021 Apr,9056
China,2021 May,7388
China,2021 Jun,6983
China,2021 Jul,12669
China,2021 Aug,8907
China,2021 Sep,8952
China,2021 Oct,6065
China,2021 Nov,3479
China,2021 Dec,4764
China,2022 Jan,4361
China,2022 Feb,3823
China,2022 Mar,4131
China,2022 Apr,5048
China,2022 May,7150
China,2022 Jun,10191
China,2022 Jul,16622
China,2022 Aug,14735
China,2022 Sep,14127
China,2022 Oct,14971
China,2022 Nov,16024
China,2022 Dec,19685
China,2023 Jan,28375
China,2023 Feb,35312
China,2023 Mar,60888
China,2023 Apr,90725
China,2023 May,95613
China,2023 Jun,113290
China,2023 Jul,231331
China,2023 Aug,215442
China,2023 Sep,135677
China,2023 Oct,122765
China,2023 Nov,104347
China,2023 Dec,130156
China,2024 Jan,211178
China,2024 Feb,326900
China,2024 Mar,247658
China,2024 Apr,220435
China,2024 May,222335
China,2024 Jun,217656
China,2024 Jul,412949
China,2024 Aug,403137
China,2024 Sep,217178
China,2024 Oct,234526
Hong Kong SAR,2014 Jan,41909
Hong Kong SAR,2014 Feb,48440
Hong Kong SAR,2014 Mar,43218
Hong Kong SAR,2014 Apr,69675
Hong Kong SAR,2014 May,47859
Hong Kong SAR,2014 Jun,47182
Hong Kong SAR,2014 Jul,80808
Hong Kong SAR,2014 Aug,87173
Hong Kong SAR,2014 Sep,39931
Hong Kong SAR,2014 Oct,40146
Hong Kong SAR,2014 Nov,39019
Hong Kong SAR,2014 Dec,45669
Hong Kong SAR,2015 Jan,34012
Hong Kong SAR,2015 Feb,46985
Hong Kong SAR,2015 Mar,41803
Hong Kong SAR,2015 Apr,58959
Hong Kong SAR,2015 May,45742
Hong Kong SAR,2015 Jun,45453
Hong Kong SAR,2015 Jul,82817
Hong Kong SAR,2015 Aug,89436
Hong Kong SAR,2015 Sep,40315
Hong Kong SAR,2015 Oct,41272
Hong Kong SAR,2015 Nov,37241
Hong Kong SAR,2015 Dec,45853
Hong Kong SAR,2016 Jan,34742
Hong Kong SAR,2016 Feb,49837
Hong Kong SAR,2016 Mar,58341
Hong Kong SAR,2016 Apr,42712
Hong Kong SAR,2016 May,39959
Hong Kong SAR,2016 Jun,42330
Hong Kong SAR,2016 Jul,69847
Hong Kong SAR,2016 Aug,70842
Hong Kong SAR,2016 Sep,30252
Hong Kong SAR,2016 Oct,31512
Hong Kong SAR,2016 Nov,30832
Hong Kong SAR,2016 Dec,36763
Hong Kong SAR,2017 Jan,34436
Hong Kong SAR,2017 Feb,33169
Hong Kong SAR,2017 Mar,33561
Hong Kong SAR,2017 Apr,53971
Hong Kong SAR,2017 May,33784
Hong Kong SAR,2017 Jun,32684
Hong Kong SAR,2017 Jul,54124
Hong Kong SAR,2017 Aug,55265
Hong Kong SAR,2017 Sep,31937
Hong Kong SAR,2017 Oct,32964
Hong Kong SAR,2017 Nov,33174
Hong Kong SAR,2017 Dec,36712
Hong Kong SAR,2018 Jan,29758
Hong Kong SAR,2018 Feb,36433
Hong Kong SAR,2018 Mar,41979
Hong Kong SAR,2018 Apr,41414
Hong Kong SAR,2018 May,36379
Hong Kong SAR,2018 Jun,38115
Hong Kong SAR,2018 Jul,52507
Hong Kong SAR,2018 Aug,56484
Hong Kong SAR,2018 Sep,35588
Hong Kong SAR,2018 Oct,34865
Hong Kong SAR,2018 Nov,32620
Hong Kong SAR,2018 Dec,36982
Hong Kong SAR,2019 Jan,30056
Hong Kong SAR,2019 Feb,38921
Hong Kong SAR,2019 Mar,34355
Hong Kong SAR,2019 Apr,52206
Hong Kong SAR,2019 May,36429
Hong Kong SAR,2019 Jun,36226
Hong Kong SAR,2019 Jul,50820
Hong Kong SAR,2019 Aug,52768
Hong Kong SAR,2019 Sep,35351
Hong Kong SAR,2019 Oct,36073
Hong Kong SAR,2019 Nov,40383
Hong Kong SAR,2019 Dec,44954
Hong Kong SAR,2020 Jan,38681
Hong Kong SAR,2020 Feb,12808
Hong Kong SAR,2020 Mar,5315
Hong Kong SAR,2020 Apr,13
Hong Kong SAR,2020 May,2
Hong Kong SAR,2020 Jun,68
Hong Kong SAR,2020 Jul,333
Hong Kong SAR,2020 Aug,342
Hong Kong SAR,2020 Sep,291
Hong Kong SAR,2020 Oct,300
Hong Kong SAR,2020 Nov,313
Hong Kong SAR,2020 Dec,510
Hong Kong SAR,2021 Jan,288
Hong Kong SAR,2021 Feb,245
Hong Kong SAR,2021 Mar,245
Hong Kong SAR,2021 Apr,221
Hong Kong SAR,2021 May,276
Hong Kong SAR,2021 Jun,361
Hong Kong SAR,2021 Jul,750
Hong Kong SAR,2021 Aug,602
Hong Kong SAR,2021 Sep,669
Hong Kong SAR,2021 Oct,494
Hong Kong SAR,2021 Nov,527
Hong Kong SAR,2021 Dec,754
Hong Kong SAR,2022 Jan,901
Hong Kong SAR,2022 Feb,1794
Hong Kong SAR,2022 Mar,3774
Hong Kong SAR,2022 Apr,7244
Hong Kong SAR,2022 May,8115
Hong Kong SAR,2022 Jun,9220
Hong Kong SAR,2022 Jul,11343
Hong Kong SAR,2022 Aug,10669
Hong Kong SAR,2022 Sep,13659
Hong Kong SAR,2022 Oct,16052
Hong Kong SAR,2022 Nov,19670
Hong Kong SAR,2022 Dec,26605
Hong Kong SAR,2023 Jan,26208
Hong Kong SAR,2023 Feb,20227
Hong Kong SAR,2023 Mar,23465
Hong Kong SAR,2023 Apr,32791
Hong Kong SAR,2023 May,26356
Hong Kong SAR,2023 Jun,23179
Hong Kong SAR,2023 Jul,32175
Hong Kong SAR,2023 Aug,32627
Hong Kong SAR,2023 Sep,25848
Hong Kong SAR,2023 Oct,25108
Hong Kong SAR,2023 Nov,22646
Hong Kong SAR,2023 Dec,26440
Hong Kong SAR,2024 Jan,23419
Hong Kong SAR,2024 Feb,26507
Hong Kong SAR,2024 Mar,35786
Hong Kong SAR,2024 Apr,26453
Hong Kong SAR,2024 May,24044
Hong Kong SAR,2024 Jun,23831
Hong Kong SAR,2024 Jul,33769
Hong Kong SAR,2024 Aug,35682
Hong Kong SAR,2024 Sep,26613
Hong Kong SAR,2024 Oct,25197
Taiwan,2014 Jan,32033
Taiwan,2014 Feb,32874
Taiwan,2014 Mar,22115
Taiwan,2014 Apr,25865
Taiwan,2014 May,26699
Taiwan,2014 Jun,25807
Taiwan,2014 Jul,44229
Taiwan,2014 Aug,38422
Taiwan,2014 Sep,25373
Taiwan,2014 Oct,24197
Taiwan,2014 Nov,21240
Taiwan,2014 Dec,18577
Taiwan,2015 Jan,30685
Taiwan,2015 Feb,40059
Taiwan,2015 Mar,24694
Taiwan,2015 Apr,29229
Taiwan,2015 May,25498
Taiwan,2015 Jun,30565
Taiwan,2015 Jul,50278
Taiwan,2015 Aug,45292
Taiwan,2015 Sep,27836
Taiwan,2015 Oct,27525
Taiwan,2015 Nov,24062
Taiwan,2015 Dec,22303
Taiwan,2016 Jan,37087
Taiwan,2016 Feb,42569
Taiwan,2016 Mar,27401
Taiwan,2016 Apr,33107
Taiwan,2016 May,28809
Taiwan,2016 Jun,36718
Taiwan,2016 Jul,46691
Taiwan,2016 Aug,42274
Taiwan,2016 Sep,30267
Taiwan,2016 Oct,26270
Taiwan,2016 Nov,21568
Taiwan,2016 Dec,21454
Taiwan,2017 Jan,36187
Taiwan,2017 Feb,38866
Taiwan,2017 Mar,27976
Taiwan,2017 Apr,30142
Taiwan,2017 May,31092
Taiwan,2017 Jun,30655
Taiwan,2017 Jul,48487
Taiwan,2017 Aug,42151
Taiwan,2017 Sep,29364
Taiwan,2017 Oct,33282
Taiwan,2017 Nov,25919
Taiwan,2017 Dec,21430
Taiwan,2018 Jan,34907
Taiwan,2018 Feb,47769
Taiwan,2018 Mar,30448
Taiwan,2018 Apr,35913
Taiwan,2018 May,28056
Taiwan,2018 Jun,34122
Taiwan,2018 Jul,52987
Taiwan,2018 Aug,46429
Taiwan,2018 Sep,32317
Taiwan,2018 Oct,30334
Taiwan,2018 Nov,25608
Taiwan,2018 Dec,24048
Taiwan,2019 Jan,40086
Taiwan,2019 Feb,42977
Taiwan,2019 Mar,29032
Taiwan,2019 Apr,32924
Taiwan,2019 May,28308
Taiwan,2019 Jun,34189
Taiwan,2019 Jul,55340
Taiwan,2019 Aug,45776
Taiwan,2019 Sep,33138
Taiwan,2019 Oct,34588
Taiwan,2019 Nov,28548
Taiwan,2019 Dec,20723
Taiwan,2020 Jan,42608
Taiwan,2020 Feb,16922
Taiwan,2020 Mar,1419
Taiwan,2020 Apr,2
Taiwan,2020 May,4
Taiwan,2020 Jun,34
Taiwan,2020 Jul,115
Taiwan,2020 Aug,113
Taiwan,2020 Sep,128
Taiwan,2020 Oct,152
Taiwan,2020 Nov,146
Taiwan,2020 Dec,244
Taiwan,2021 Jan,325
Taiwan,2021 Feb,231
Taiwan,2021 Mar,316
Taiwan,2021 Apr,302
Taiwan,2021 May,178
Taiwan,2021 Jun,29
Taiwan,2021 Jul,79
Taiwan,2021 Aug,456
Taiwan,2021 Sep,442
Taiwan,2021 Oct,378
Taiwan,2021 Nov,279
Taiwan,2021 Dec,392
Taiwan,2022 Jan,430
Taiwan,2022 Feb,531
Taiwan,2022 Mar,597
Taiwan,2022 Apr,1052
Taiwan,2022 May,1961
Taiwan,2022 Jun,3302
Taiwan,2022 Jul,6104
Taiwan,2022 Aug,7420
Taiwan,2022 Sep,7918
Taiwan,2022 Oct,10543
Taiwan,2022 Nov,12592
Taiwan,2022 Dec,12603
Taiwan,2023 Jan,31444
Taiwan,2023 Feb,25037
Taiwan,2023 Mar,19204
Taiwan,2023 Apr,25280
Taiwan,2023 May,24313
Taiwan,2023 Jun,28980
Taiwan,2023 Jul,43097
Taiwan,2023 Aug,38432
Taiwan,2023 Sep,25818
Taiwan,2023 Oct,28466
Taiwan,2023 Nov,21575
Taiwan,2023 Dec,17394
Taiwan,2024 Jan,38454
Taiwan,2024 Feb,45705
Taiwan,2024 Mar,30344
Taiwan,2024 Apr,30309
Taiwan,2024 May,28797
Taiwan,2024 Jun,34154
Taiwan,2024 Jul,49930
Taiwan,2024 Aug,42282
Taiwan,2024 Sep,30400
Taiwan,2024 Oct,29237
Other Markets In Greater China,2014 Jan,2264
Other Markets In Greater China,2014 Feb,2329
Other Markets In Greater China,2014 Mar,1706
Other Markets In Greater China,2014 Apr,2258
Other Markets In Greater China,2014 May,1709
Other Markets In Greater China,2014 Jun,2693
Other Markets In Greater China,2014 Jul,3507
Other Markets In Greater China,2014 Aug,5546
Other Markets In Greater China,2014 Sep,1930
Other Markets In Greater China,2014 Oct,1910
Other Markets In Greater China,2014 Nov,2082
Other Markets In Greater China,2014 Dec,3792
Other Markets In Greater China,2015 Jan,2341
Other Markets In Greater China,2015 Feb,2916
Other Markets In Greater China,2015 Mar,1584
Other Markets In Greater China,2015 Apr,1909
Other Markets In Greater China,2015 May,1761
Other Markets In Greater China,2015 Jun,2346
Other Markets In Greater China,2015 Jul,4061
Other Markets In Greater China,2015 Aug,6197
Other Markets In Greater China,2015 Sep,1706
Other Markets In Greater China,2015 Oct,1972
Other Markets In Greater China,2015 Nov,1668
Other Markets In Greater China,2015 Dec,3093
Other Markets In Greater China,2016 Jan,1798
Other Markets In Greater China,2016 Feb,2679
Other Markets In Greater China,2016 Mar,1741
Other Markets In Greater China,2016 Apr,1529
Other Markets In Greater China,2016 May,1596
Other Markets In Greater China,2016 Jun,2025
Other Markets In Greater China,2016 Jul,3089
Other Markets In Greater China,2016 Aug,4512
Other Markets In Greater China,2016 Sep,1338
Other Markets In Greater China,2016 Oct,1350
Other Markets In Greater China,2016 Nov,1349
Other Markets In Greater China,2016 Dec,2430
Other Markets In Greater China,2017 Jan,2316
Other Markets In Greater China,2017 Feb,1728
Other Markets In Greater China,2017 Mar,1832
Other Markets In Greater China,2017 Apr,1820
Other Markets In Greater China,2017 May,1702
Other Markets In Greater China,2017 Jun,1863
Other Markets In Greater China,2017 Jul,3699
Other Markets In Greater China,2017 Aug,3799
Other Markets In Greater China,2017 Sep,1524
Other Markets In Greater China,2017 Oct,1668
Other Markets In Greater China,2017 Nov,1657
Other Markets In Greater China,2017 Dec,2980
Other Markets In Greater China,2018 Jan,2556
Other Markets In Greater China,2018 Feb,2102
Other Markets In Greater China,2018 Mar,1838
Other Markets In Greater China,2018 Apr,1675
Other Markets In Greater China,2018 May,1725
Other Markets In Greater China,2018 Jun,2313
Other Markets In Greater China,2018 Jul,3774
Other Markets In Greater China,2018 Aug,4239
Other Markets In Greater China,2018 Sep,2019
Other Markets In Greater China,2018 Oct,1674
Other Markets In Greater China,2018 Nov,1883
Other Markets In Greater China,2018 Dec,3337
Other Markets In Greater China,2019 Jan,3127
Other Markets In Greater China,2019 Feb,2493
Other Markets In Greater China,2019 Mar,1619
Other Markets In Greater China,2019 Apr,2148
Other Markets In Greater China,2019 May,1660
Other Markets In Greater China,2019 Jun,2466
Other Markets In Greater China,2019 Jul,3234
Other Markets In Greater China,2019 Aug,4195
Other Markets In Greater China,2019 Sep,1831
Other Markets In Greater China,2019 Oct,1800
Other Markets In Greater China,2019 Nov,2104
Other Markets In Greater China,2019 Dec,3780
Other Markets In Greater China,2020 Jan,3056
Other Markets In Greater China,2020 Feb,544
Other Markets In Greater China,2020 Mar,188
Other Markets In Greater China,2020 Apr,0
Other Markets In Greater China,2020 May,0
Other Markets In Greater China,2020 Jun,0
Other Markets In Greater China,2020 Jul,4
Other Markets In Greater China,2020 Aug,4
Other Markets In Greater China,2020 Sep,4
Other Markets In Greater China,2020 Oct,5
Other Markets In Greater China,2020 Nov,9
Other Markets In Greater China,2020 Dec,11
Other Markets In Greater China,2021 Jan,10
Other Markets In Greater China,2021 Feb,10
Other Markets In Greater China,2021 Mar,14
Other Markets In Greater China,2021 Apr,12
Other Markets In Greater China,2021 May,10
Other Markets In Greater China,2021 Jun,10
Other Markets In Greater China,2021 Jul,16
Other Markets In Greater China,2021 Aug,13
Other Markets In Greater China,2021 Sep,36
Other Markets In Greater China,2021 Oct,34
Other Markets In Greater China,2021 Nov,22
Other Markets In Greater China,2021 Dec,53
Other Markets In Greater China,2022 Jan,67
Other Markets In Greater China,2022 Feb,29
Other Markets In Greater China,2022 Mar,61
Other Markets In Greater China,2022 Apr,385
Other Markets In Greater China,2022 May,497
Other Markets In Greater China,2022 Jun,853
Other Markets In Greater China,2022 Jul,1424
Other Markets In Greater China,2022 Aug,1172
Other Markets In Greater China,2022 Sep,972
Other Markets In Greater China,2022 Oct,849
Other Markets In Greater China,2022 Nov,1220
Other Markets In Greater China,2022 Dec,1943
Other Markets In Greater China,2023 Jan,3361
Other Markets In Greater China,2023 Feb,1702
Other Markets In Greater China,2023 Mar,1575
Other Markets In Greater China,2023 Apr,2107
Other Markets In Greater China,2023 May,1771
Other Markets In Greater China,2023 Jun,1779
Other Markets In Greater China,2023 Jul,3266
Other Markets In Greater China,2023 Aug,3316
Other Markets In Greater China,2023 Sep,1415
Other Markets In Greater China,2023 Oct,1541
Other Markets In Greater China,2023 Nov,1648
Other Markets In Greater China,2023 Dec,2882
Other Markets In Greater China,2024 Jan,3848
Other Markets In Greater China,2024 Feb,2236
Other Markets In Greater China,2024 Mar,2158
Other Markets In Greater China,2024 Apr,1703
Other Markets In Greater China,2024 May,1461
Other Markets In Greater China,2024 Jun,1673
Other Markets In Greater China,2024 Jul,3445
Other Markets In Greater China,2024 Aug,3454
Other Markets In Greater China,2024 Sep,1313
Other Markets In Greater China,2024 Oct,1882
North Asia,2014 Jan,119359
North Asia,2014 Feb,121222
North Asia,2014 Mar,127048
North Asia,2014 Apr,87061
North Asia,2014 May,96160
North Asia,2014 Jun,93685
North Asia,2014 Jul,116155
North Asia,2014 Aug,151961
North Asia,2014 Sep,113725
North Asia,2014 Oct,113472
North Asia,2014 Nov,109720
North Asia,2014 Dec,112880
North Asia,2015 Jan,130360
North Asia,2015 Feb,113888
North Asia,2015 Mar,122861
North Asia,2015 Apr,88349
North Asia,2015 May,96909
North Asia,2015 Jun,90541
North Asia,2015 Jul,116129
North Asia,2015 Aug,153400
North Asia,2015 Sep,113105
North Asia,2015 Oct,117039
North Asia,2015 Nov,112895
North Asia,2015 Dec,111637
North Asia,2016 Jan,136486
North Asia,2016 Feb,123252
North Asia,2016 Mar,120159
North Asia,2016 Apr,91011
North Asia,2016 May,99965
North Asia,2016 Jun,98803
North Asia,2016 Jul,119480
North Asia,2016 Aug,155678
North Asia,2016 Sep,106835
North Asia,2016 Oct,97212
North Asia,2016 Nov,100810
North Asia,2016 Dec,101187
North Asia,2017 Jan,113643
North Asia,2017 Feb,132843
North Asia,2017 Mar,126243
North Asia,2017 Apr,95081
North Asia,2017 May,106798
North Asia,2017 Jun,102427
North Asia,2017 Jul,121532
North Asia,2017 Aug,155871
North Asia,2017 Sep,117359
North Asia,2017 Oct,118060
North Asia,2017 Nov,127487
North Asia,2017 Dec,107072
North Asia,2018 Jan,139610
North Asia,2018 Feb,121367
North Asia,2018 Mar,132206
North Asia,2018 Apr,94826
North Asia,2018 May,100225
North Asia,2018 Jun,98947
North Asia,2018 Jul,125988
North Asia,2018 Aug,163269
North Asia,2018 Sep,124766
North Asia,2018 Oct,127966
North Asia,2018 Nov,124453
North Asia,2018 Dec,105988
North Asia,2019 Jan,139127
North Asia,2019 Feb,132146
North Asia,2019 Mar,131235
North Asia,2019 Apr,104688
North Asia,2019 May,102715
North Asia,2019 Jun,102441
North Asia,2019 Jul,130551
North Asia,2019 Aug,173762
North Asia,2019 Sep,132515
North Asia,2019 Oct,136707
North Asia,2019 Nov,125534
North Asia,2019 Dec,118932
North Asia,2020 Jan,127547
North Asia,2020 Feb,69624
North Asia,2020 Mar,12809
North Asia,2020 Apr,34
North Asia,2020 May,38
North Asia,2020 Jun,185
North Asia,2020 Jul,827
North Asia,2020 Aug,828
North Asia,2020 Sep,568
North Asia,2020 Oct,790
North Asia,2020 Nov,1042
North Asia,2020 Dec,1149
North Asia,2021 Jan,987
North Asia,2021 Feb,743
North Asia,2021 Mar,1008
North Asia,2021 Apr,1068
North Asia,2021 May,451
North Asia,2021 Jun,219
North Asia,2021 Jul,499
North Asia,2021 Aug,714
North Asia,2021 Sep,1299
North Asia,2021 Oct,1264
North Asia,2021 Nov,2032
North Asia,2021 Dec,2770
North Asia,2022 Jan,2505
North Asia,2022 Feb,2508
North Asia,2022 Mar,3555
North Asia,2022 Apr,9940
North Asia,2022 May,16953
North Asia,2022 Jun,25153
North Asia,2022 Jul,40886
North Asia,2022 Aug,50394
North Asia,2022 Sep,45900
North Asia,2022 Oct,45806
North Asia,2022 Nov,54365
North Asia,2022 Dec,52077
North Asia,2023 Jan,78923
North Asia,2023 Feb,97981
North Asia,2023 Mar,71803
North Asia,2023 Apr,54012
North Asia,2023 May,68419
North Asia,2023 Jun,65648
North Asia,2023 Jul,103861
North Asia,2023 Aug,130666
North Asia,2023 Sep,94298
North Asia,2023 Oct,83818
North Asia,2023 Nov,84154
North Asia,2023 Dec,71445
North Asia,2024 Jan,117148
North Asia,2024 Feb,114583
North Asia,2024 Mar,97048
North Asia,2024 Apr,69859
North Asia,2024 May,78967
North Asia,2024 Jun,73479
North Asia,2024 Jul,108672
North Asia,2024 Aug,142900
North Asia,2024 Sep,102581
North Asia,2024 Oct,94008
Japan,2014 Jan,59578
Japan,2014 Feb,69230
Japan,2014 Mar,85946
Japan,2014 Apr,50751
Japan,2014 May,54173
Japan,2014 Jun,56044
Japan,2014 Jul,69419
Japan,2014 Aug,95248
Japan,2014 Sep,74408
Japan,2014 Oct,68609
Japan,2014 Nov,69415
Japan,2014 Dec,71920
Japan,2015 Jan,58479
Japan,2015 Feb,62422
Japan,2015 Mar,79941
Japan,2015 Apr,46687
Japan,2015 May,52971
Japan,2015 Jun,53257
Japan,2015 Jul,67682
Japan,2015 Aug,92793
Japan,2015 Sep,73972
Japan,2015 Oct,66416
Japan,2015 Nov,67840
Japan,2015 Dec,66719
Japan,2016 Jan,62275
Japan,2016 Feb,65604
Japan,2016 Mar,79146
Japan,2016 Apr,49613
Japan,2016 May,55006
Japan,2016 Jun,54993
Japan,2016 Jul,64715
Japan,2016 Aug,93619
Japan,2016 Sep,68997
Japan,2016 Oct,62858
Japan,2016 Nov,64466
Japan,2016 Dec,62570
Japan,2017 Jan,53377
Japan,2017 Feb,72654
Japan,2017 Mar,82293
Japan,2017 Apr,46245
Japan,2017 May,54012
Japan,2017 Jun,52932
Japan,2017 Jul,63193
Japan,2017 Aug,94900
Japan,2017 Sep,69742
Japan,2017 Oct,64624
Japan,2017 Nov,75348
Japan,2017 Dec,63553
Japan,2018 Jan,64087
Japan,2018 Feb,68191
Japan,2018 Mar,83064
Japan,2018 Apr,50253
Japan,2018 May,53474
Japan,2018 Jun,53413
Japan,2018 Jul,68146
Japan,2018 Aug,100491
Japan,2018 Sep,77013
Japan,2018 Oct,74019
Japan,2018 Nov,73787
Japan,2018 Dec,63738
Japan,2019 Jan,66402
Japan,2019 Feb,69885
Japan,2019 Mar,84048
Japan,2019 Apr,65212
Japan,2019 May,59138
Japan,2019 Jun,56709
Japan,2019 Jul,71410
Japan,2019 Aug,108104
Japan,2019 Sep,80823
Japan,2019 Oct,80106
Japan,2019 Nov,72765
Japan,2019 Dec,69706
Japan,2020 Jan,57234
Japan,2020 Feb,53425
Japan,2020 Mar,11611
Japan,2020 Apr,25
Japan,2020 May,30
Japan,2020 Jun,137
Japan,2020 Jul,565
Japan,2020 Aug,511
Japan,2020 Sep,353
Japan,2020 Oct,513
Japan,2020 Nov,763
Japan,2020 Dec,712
Japan,2021 Jan,555
Japan,2021 Feb,358
Japan,2021 Mar,601
Japan,2021 Apr,797
Japan,2021 May,281
Japan,2021 Jun,121
Japan,2021 Jul,297
Japan,2021 Aug,341
Japan,2021 Sep,780
Japan,2021 Oct,779
Japan,2021 Nov,430
Japan,2021 Dec,580
Japan,2022 Jan,552
Japan,2022 Feb,534
Japan,2022 Mar,869
Japan,2022 Apr,4343
Japan,2022 May,6321
Japan,2022 Jun,8386
Japan,2022 Jul,12266
Japan,2022 Aug,19153
Japan,2022 Sep,19317
Japan,2022 Oct,17459
Japan,2022 Nov,22698
Japan,2022 Dec,20209
Japan,2023 Jan,18335
Japan,2023 Feb,32932
Japan,2023 Mar,36302
Japan,2023 Apr,22134
Japan,2023 May,29130
Japan,2023 Jun,25370
Japan,2023 Jul,42730
Japan,2023 Aug,68304
Japan,2023 Sep,45989
Japan,2023 Oct,38073
Japan,2023 Nov,41412
Japan,2023 Dec,32124
Japan,2024 Jan,37684
Japan,2024 Feb,45284
Japan,2024 Mar,54884
Japan,2024 Apr,32434
Japan,2024 May,39076
Japan,2024 Jun,33936
Japan,2024 Jul,51162
Japan,2024 Aug,81803
Japan,2024 Sep,57624
Japan,2024 Oct,51819
South Korea,2014 Jan,59745
South Korea,2014 Feb,51930
South Korea,2014 Mar,40995
South Korea,2014 Apr,36247
South Korea,2014 May,41946
South Korea,2014 Jun,37589
South Korea,2014 Jul,46666
South Korea,2014 Aug,56623
South Korea,2014 Sep,39276
South Korea,2014 Oct,44810
South Korea,2014 Nov,40230
South Korea,2014 Dec,40918
South Korea,2015 Jan,71820
South Korea,2015 Feb,51415
South Korea,2015 Mar,42872
South Korea,2015 Apr,41602
South Korea,2015 May,43883
South Korea,2015 Jun,37193
South Korea,2015 Jul,48375
South Korea,2015 Aug,60468
South Korea,2015 Sep,39063
South Korea,2015 Oct,50582
South Korea,2015 Nov,44988
South Korea,2015 Dec,44821
South Korea,2016 Jan,74180
South Korea,2016 Feb,57595
South Korea,2016 Mar,40959
South Korea,2016 Apr,41356
South Korea,2016 May,44932
South Korea,2016 Jun,43766
South Korea,2016 Jul,54700
South Korea,2016 Aug,62018
South Korea,2016 Sep,37742
South Korea,2016 Oct,34346
South Korea,2016 Nov,36314
South Korea,2016 Dec,38601
South Korea,2017 Jan,60247
South Korea,2017 Feb,60174
South Korea,2017 Mar,43942
South Korea,2017 Apr,48829
South Korea,2017 May,52762
South Korea,2017 Jun,49487
South Korea,2017 Jul,58326
South Korea,2017 Aug,60957
South Korea,2017 Sep,47602
South Korea,2017 Oct,53430
South Korea,2017 Nov,52123
South Korea,2017 Dec,43484
South Korea,2018 Jan,75502
South Korea,2018 Feb,53161
South Korea,2018 Mar,49127
South Korea,2018 Apr,44550
South Korea,2018 May,46720
South Korea,2018 Jun,45325
South Korea,2018 Jul,57823
South Korea,2018 Aug,62729
South Korea,2018 Sep,47734
South Korea,2018 Oct,53926
South Korea,2018 Nov,50634
South Korea,2018 Dec,42223
South Korea,2019 Jan,72704
South Korea,2019 Feb,62241
South Korea,2019 Mar,47168
South Korea,2019 Apr,39464
South Korea,2019 May,43561
South Korea,2019 Jun,45706
South Korea,2019 Jul,59119
South Korea,2019 Aug,65643
South Korea,2019 Sep,51660
South Korea,2019 Oct,56598
South Korea,2019 Nov,52765
South Korea,2019 Dec,49219
South Korea,2020 Jan,70277
South Korea,2020 Feb,16195
South Korea,2020 Mar,1198
South Korea,2020 Apr,9
South Korea,2020 May,8
South Korea,2020 Jun,48
South Korea,2020 Jul,262
South Korea,2020 Aug,317
South Korea,2020 Sep,215
South Korea,2020 Oct,277
South Korea,2020 Nov,279
South Korea,2020 Dec,437
South Korea,2021 Jan,431
South Korea,2021 Feb,385
South Korea,2021 Mar,405
South Korea,2021 Apr,271
South Korea,2021 May,170
South Korea,2021 Jun,98
South Korea,2021 Jul,202
South Korea,2021 Aug,373
South Korea,2021 Sep,519
South Korea,2021 Oct,485
South Korea,2021 Nov,1600
South Korea,2021 Dec,2187
South Korea,2022 Jan,1953
South Korea,2022 Feb,1972
South Korea,2022 Mar,2686
South Korea,2022 Apr,5578
South Korea,2022 May,10614
South Korea,2022 Jun,16724
South Korea,2022 Jul,28570
South Korea,2022 Aug,31174
South Korea,2022 Sep,26520
South Korea,2022 Oct,28294
South Korea,2022 Nov,31627
South Korea,2022 Dec,31817
South Korea,2023 Jan,60457
South Korea,2023 Feb,64876
South Korea,2023 Mar,35396
South Korea,2023 Apr,31780
South Korea,2023 May,39203
South Korea,2023 Jun,40187
South Korea,2023 Jul,60960
South Korea,2023 Aug,62177
South Korea,2023 Sep,48187
South Korea,2023 Oct,45621
South Korea,2023 Nov,42614
South Korea,2023 Dec,39198
South Korea,2024 Jan,79254
South Korea,2024 Feb,69112
South Korea,2024 Mar,42064
South Korea,2024 Apr,37346
South Korea,2024 May,39825
South Korea,2024 Jun,39495
South Korea,2024 Jul,57398
South Korea,2024 Aug,60986
South Korea,2024 Sep,44868
South Korea,2024 Oct,42087
Other Markets In North Asia,2014 Jan,36
Other Markets In North Asia,2014 Feb,62
Other Markets In North Asia,2014 Mar,107
Other Markets In North Asia,2014 Apr,63
Other Markets In North Asia,2014 May,41
Other Markets In North Asia,2014 Jun,52
Other Markets In North Asia,2014 Jul,70
Other Markets In North Asia,2014 Aug,90
Other Markets In North Asia,2014 Sep,41
Other Markets In North Asia,2014 Oct,53
Other Markets In North Asia,2014 Nov,75
Other Markets In North Asia,2014 Dec,42
Other Markets In North Asia,2015 Jan,61
Other Markets In North Asia,2015 Feb,51
Other Markets In North Asia,2015 Mar,48
Other Markets In North Asia,2015 Apr,60
Other Markets In North Asia,2015 May,55
Other Markets In North Asia,2015 Jun,91
Other Markets In North Asia,2015 Jul,72
Other Markets In North Asia,2015 Aug,139
Other Markets In North Asia,2015 Sep,70
Other Markets In North Asia,2015 Oct,41
Other Markets In North Asia,2015 Nov,67
Other Markets In North Asia,2015 Dec,97
Other Markets In North Asia,2016 Jan,31
Other Markets In North Asia,2016 Feb,53
Other Markets In North Asia,2016 Mar,54
Other Markets In North Asia,2016 Apr,42
Other Markets In North Asia,2016 May,27
Other Markets In North Asia,2016 Jun,44
Other Markets In North Asia,2016 Jul,65
Other Markets In North Asia,2016 Aug,41
Other Markets In North Asia,2016 Sep,96
Other Markets In North Asia,2016 Oct,8
Other Markets In North Asia,2016 Nov,30
Other Markets In North Asia,2016 Dec,16
Other Markets In North Asia,2017 Jan,19
Other Markets In North Asia,2017 Feb,15
Other Markets In North Asia,2017 Mar,8
Other Markets In North Asia,2017 Apr,7
Other Markets In North Asia,2017 May,24
Other Markets In North Asia,2017 Jun,8
Other Markets In North Asia,2017 Jul,13
Other Markets In North Asia,2017 Aug,14
Other Markets In North Asia,2017 Sep,15
Other Markets In North Asia,2017 Oct,6
Other Markets In North Asia,2017 Nov,16
Other Markets In North Asia,2017 Dec,35
Other Markets In North Asia,2018 Jan,21
Other Markets In North Asia,2018 Feb,15
Other Markets In North Asia,2018 Mar,15
Other Markets In North Asia,2018 Apr,23
Other Markets In North Asia,2018 May,31
Other Markets In North Asia,2018 Jun,209
Other Markets In North Asia,2018 Jul,19
Other Markets In North Asia,2018 Aug,49
Other Markets In North Asia,2018 Sep,19
Other Markets In North Asia,2018 Oct,21
Other Markets In North Asia,2018 Nov,32
Other Markets In North Asia,2018 Dec,27
Other Markets In North Asia,2019 Jan,21
Other Markets In North Asia,2019 Feb,20
Other Markets In North Asia,2019 Mar,19
Other Markets In North Asia,2019 Apr,12
Other Markets In North Asia,2019 May,16
Other Markets In North Asia,2019 Jun,26
Other Markets In North Asia,2019 Jul,22
Other Markets In North Asia,2019 Aug,15
Other Markets In North Asia,2019 Sep,32
Other Markets In North Asia,2019 Oct,3
Other Markets In North Asia,2019 Nov,4
Other Markets In North Asia,2019 Dec,7
Other Markets In North Asia,2020 Jan,36
Other Markets In North Asia,2020 Feb,4
Other Markets In North Asia,2020 Mar,0
Other Markets In North Asia,2020 Apr,0
Other Markets In North Asia,2020 May,0
Other Markets In North Asia,2020 Jun,0
Other Markets In North Asia,2020 Jul,0
Other Markets In North Asia,2020 Aug,0
Other Markets In North Asia,2020 Sep,0
Other Markets In North Asia,2020 Oct,0
Other Markets In North Asia,2020 Nov,0
Other Markets In North Asia,2020 Dec,0
Other Markets In North Asia,2021 Jan,1
Other Markets In North Asia,2021 Feb,0
Other Markets In North Asia,2021 Mar,2
Other Markets In North Asia,2021 Apr,0
Other Markets In North Asia,2021 May,0
Other Markets In North Asia,2021 Jun,0
Other Markets In North Asia,2021 Jul,0
Other Markets In North Asia,2021 Aug,0
Other Markets In North Asia,2021 Sep,0
Other Markets In North Asia,2021 Oct,0
Other Markets In North Asia,2021 Nov,2
Other Markets In North Asia,2021 Dec,3
Other Markets In North Asia,2022 Jan,0
Other Markets In North Asia,2022 Feb,2
Other Markets In North Asia,2022 Mar,0
Other Markets In North Asia,2022 Apr,19
Other Markets In North Asia,2022 May,18
Other Markets In North Asia,2022 Jun,43
Other Markets In North Asia,2022 Jul,50
Other Markets In North Asia,2022 Aug,67
Other Markets In North Asia,2022 Sep,63
Other Markets In North Asia,2022 Oct,53
Other Markets In North Asia,2022 Nov,40
Other Markets In North Asia,2022 Dec,51
Other Markets In North Asia,2023 Jan,131
Other Markets In North Asia,2023 Feb,173
Other Markets In North Asia,2023 Mar,105
Other Markets In North Asia,2023 Apr,98
Other Markets In North Asia,2023 May,86
Other Markets In North Asia,2023 Jun,91
Other Markets In North Asia,2023 Jul,171
Other Markets In North Asia,2023 Aug,185
Other Markets In North Asia,2023 Sep,122
Other Markets In North Asia,2023 Oct,124
Other Markets In North Asia,2023 Nov,128
Other Markets In North Asia,2023 Dec,123
Other Markets In North Asia,2024 Jan,210
Other Markets In North Asia,2024 Feb,187
Other Markets In North Asia,2024 Mar,100
Other Markets In North Asia,2024 Apr,79
Other Markets In North Asia,2024 May,66
Other Markets In North Asia,2024 Jun,48
Other Markets In North Asia,2024 Jul,112
Other Markets In North Asia,2024 Aug,111
Other Markets In North Asia,2024 Sep,89
Other Markets In North Asia,2024 Oct,102
South Asia,2014 Jan,85714
South Asia,2014 Feb,81187
South Asia,2014 Mar,90346
South Asia,2014 Apr,103761
South Asia,2014 May,138919
South Asia,2014 Jun,117244
South Asia,2014 Jul,91829
South Asia,2014 Aug,95406
South Asia,2014 Sep,85979
South Asia,2014 Oct,110357
South Asia,2014 Nov,92377
South Asia,2014 Dec,107009
South Asia,2015 Jan,94529
South Asia,2015 Feb,76576
South Asia,2015 Mar,91552
South Asia,2015 Apr,108179
South Asia,2015 May,151623
South Asia,2015 Jun,121413
South Asia,2015 Jul,106930
South Asia,2015 Aug,101316
South Asia,2015 Sep,91560
South Asia,2015 Oct,110301
South Asia,2015 Nov,109202
South Asia,2015 Dec,114739
South Asia,2016 Jan,103184
South Asia,2016 Feb,82979
South Asia,2016 Mar,99974
South Asia,2016 Apr,121482
South Asia,2016 May,164572
South Asia,2016 Jun,130189
South Asia,2016 Jul,115028
South Asia,2016 Aug,107278
South Asia,2016 Sep,97415
South Asia,2016 Oct,119033
South Asia,2016 Nov,114255
South Asia,2016 Dec,123606
South Asia,2017 Jan,100555
South Asia,2017 Feb,95038
South Asia,2017 Mar,107296
South Asia,2017 Apr,134505
South Asia,2017 May,195198
South Asia,2017 Jun,156862
South Asia,2017 Jul,123743
South Asia,2017 Aug,118131
South Asia,2017 Sep,128319
South Asia,2017 Oct,144299
South Asia,2017 Nov,109309
South Asia,2017 Dec,146232
South Asia,2018 Jan,133622
South Asia,2018 Feb,102173
South Asia,2018 Mar,130137
South Asia,2018 Apr,152229
South Asia,2018 May,218406
South Asia,2018 Jun,179143
South Asia,2018 Jul,145372
South Asia,2018 Aug,130017
South Asia,2018 Sep,126605
South Asia,2018 Oct,140584
South Asia,2018 Nov,142818
South Asia,2018 Dec,144231
South Asia,2019 Jan,126665
South Asia,2019 Feb,108449
South Asia,2019 Mar,128593
South Asia,2019 Apr,145854
South Asia,2019 May,202168
South Asia,2019 Jun,170742
South Asia,2019 Jul,138129
South Asia,2019 Aug,135500
South Asia,2019 Sep,129203
South Asia,2019 Oct,142972
South Asia,2019 Nov,139058
South Asia,2019 Dec,146360
South Asia,2020 Jan,123324
South Asia,2020 Feb,64947
South Asia,2020 Mar,24252
South Asia,2020 Apr,95
South Asia,2020 May,86
South Asia,2020 Jun,147
South Asia,2020 Jul,688
South Asia,2020 Aug,717
South Asia,2020 Sep,487
South Asia,2020 Oct,566
South Asia,2020 Nov,653
South Asia,2020 Dec,2670
South Asia,2021 Jan,5186
South Asia,2021 Feb,4697
South Asia,2021 Mar,7233
South Asia,2021 Apr,5640
South Asia,2021 May,122
South Asia,2021 Jun,19
South Asia,2021 Jul,342
South Asia,2021 Aug,112
South Asia,2021 Sep,1105
South Asia,2021 Oct,4055
South Asia,2021 Nov,11879
South Asia,2021 Dec,33939
South Asia,2022 Jan,16901
South Asia,2022 Feb,20077
South Asia,2022 Mar,36779
South Asia,2022 Apr,52271
South Asia,2022 May,69978
South Asia,2022 Jun,76667
South Asia,2022 Jul,95003
South Asia,2022 Aug,94325
South Asia,2022 Sep,104616
South Asia,2022 Oct,101510
South Asia,2022 Nov,91381
South Asia,2022 Dec,91730
South Asia,2023 Jan,72231
South Asia,2023 Feb,76883
South Asia,2023 Mar,92470
South Asia,2023 Apr,114668
South Asia,2023 May,147713
South Asia,2023 Jun,133366
South Asia,2023 Jul,114733
South Asia,2023 Aug,104652
South Asia,2023 Sep,100567
South Asia,2023 Oct,114672
South Asia,2023 Nov,109957
South Asia,2023 Dec,114964
South Asia,2024 Jan,102934
South Asia,2024 Feb,83642
South Asia,2024 Mar,113228
South Asia,2024 Apr,128285
South Asia,2024 May,178227
South Asia,2024 Jun,143130
South Asia,2024 Jul,112631
South Asia,2024 Aug,113390
South Asia,2024 Sep,108854
South Asia,2024 Oct,125783
Bangladesh,2014 Jan,10428
Bangladesh,2014 Feb,9343
Bangladesh,2014 Mar,10721
Bangladesh,2014 Apr,9817
Bangladesh,2014 May,9853
Bangladesh,2014 Jun,11100
Bangladesh,2014 Jul,10108
Bangladesh,2014 Aug,11690
Bangladesh,2014 Sep,9486
Bangladesh,2014 Oct,10722
Bangladesh,2014 Nov,10027
Bangladesh,2014 Dec,11631
Bangladesh,2015 Jan,10923
Bangladesh,2015 Feb,7960
Bangladesh,2015 Mar,10186
Bangladesh,2015 Apr,9809
Bangladesh,2015 May,10447
Bangladesh,2015 Jun,9737
Bangladesh,2015 Jul,11793
Bangladesh,2015 Aug,10353
Bangladesh,2015 Sep,10159
Bangladesh,2015 Oct,10394
Bangladesh,2015 Nov,9272
Bangladesh,2015 Dec,11554
Bangladesh,2016 Jan,11151
Bangladesh,2016 Feb,8445
Bangladesh,2016 Mar,10845
Bangladesh,2016 Apr,10303
Bangladesh,2016 May,10700
Bangladesh,2016 Jun,8949
Bangladesh,2016 Jul,12303
Bangladesh,2016 Aug,9694
Bangladesh,2016 Sep,10081
Bangladesh,2016 Oct,10078
Bangladesh,2016 Nov,9830
Bangladesh,2016 Dec,10960
Bangladesh,2017 Jan,9712
Bangladesh,2017 Feb,8788
Bangladesh,2017 Mar,10218
Bangladesh,2017 Apr,8949
Bangladesh,2017 May,9548
Bangladesh,2017 Jun,9972
Bangladesh,2017 Jul,11416
Bangladesh,2017 Aug,9652
Bangladesh,2017 Sep,11277
Bangladesh,2017 Oct,9555
Bangladesh,2017 Nov,9023
Bangladesh,2017 Dec,12479
Bangladesh,2018 Jan,11716
Bangladesh,2018 Feb,9397
Bangladesh,2018 Mar,11243
Bangladesh,2018 Apr,10084
Bangladesh,2018 May,9341
Bangladesh,2018 Jun,11161
Bangladesh,2018 Jul,10784
Bangladesh,2018 Aug,11010
Bangladesh,2018 Sep,10074
Bangladesh,2018 Oct,11206
Bangladesh,2018 Nov,9001
Bangladesh,2018 Dec,11297
Bangladesh,2019 Jan,9960
Bangladesh,2019 Feb,9321
Bangladesh,2019 Mar,10894
Bangladesh,2019 Apr,11091
Bangladesh,2019 May,9595
Bangladesh,2019 Jun,13393
Bangladesh,2019 Jul,12564
Bangladesh,2019 Aug,11808
Bangladesh,2019 Sep,10698
Bangladesh,2019 Oct,12810
Bangladesh,2019 Nov,11040
Bangladesh,2019 Dec,13812
Bangladesh,2020 Jan,11631
Bangladesh,2020 Feb,6054
Bangladesh,2020 Mar,3738
Bangladesh,2020 Apr,4
Bangladesh,2020 May,1
Bangladesh,2020 Jun,11
Bangladesh,2020 Jul,3
Bangladesh,2020 Aug,35
Bangladesh,2020 Sep,36
Bangladesh,2020 Oct,52
Bangladesh,2020 Nov,65
Bangladesh,2020 Dec,267
Bangladesh,2021 Jan,1027
Bangladesh,2021 Feb,1203
Bangladesh,2021 Mar,2736
Bangladesh,2021 Apr,1700
Bangladesh,2021 May,32
Bangladesh,2021 Jun,3
Bangladesh,2021 Jul,1
Bangladesh,2021 Aug,2
Bangladesh,2021 Sep,385
Bangladesh,2021 Oct,1079
Bangladesh,2021 Nov,4170
Bangladesh,2021 Dec,5559
Bangladesh,2022 Jan,4893
Bangladesh,2022 Feb,3361
Bangladesh,2022 Mar,7480
Bangladesh,2022 Apr,7595
Bangladesh,2022 May,6352
Bangladesh,2022 Jun,7352
Bangladesh,2022 Jul,13119
Bangladesh,2022 Aug,10828
Bangladesh,2022 Sep,10694
Bangladesh,2022 Oct,10975
Bangladesh,2022 Nov,10481
Bangladesh,2022 Dec,9857
Bangladesh,2023 Jan,8789
Bangladesh,2023 Feb,8006
Bangladesh,2023 Mar,9711
Bangladesh,2023 Apr,9824
Bangladesh,2023 May,9529
Bangladesh,2023 Jun,9685
Bangladesh,2023 Jul,11100
Bangladesh,2023 Aug,11124
Bangladesh,2023 Sep,10240
Bangladesh,2023 Oct,10721
Bangladesh,2023 Nov,10118
Bangladesh,2023 Dec,11743
Bangladesh,2024 Jan,10332
Bangladesh,2024 Feb,8792
Bangladesh,2024 Mar,8616
Bangladesh,2024 Apr,11707
Bangladesh,2024 May,10959
Bangladesh,2024 Jun,12594
Bangladesh,2024 Jul,12236
Bangladesh,2024 Aug,11027
Bangladesh,2024 Sep,11468
Bangladesh,2024 Oct,12937
India,2014 Jan,65557
India,2014 Feb,62999
India,2014 Mar,70488
India,2014 Apr,79536
India,2014 May,118953
India,2014 Jun,94738
India,2014 Jul,72724
India,2014 Aug,69960
India,2014 Sep,65751
India,2014 Oct,88855
India,2014 Nov,71555
India,2014 Dec,82520
India,2015 Jan,73605
India,2015 Feb,60016
India,2015 Mar,70302
India,2015 Apr,84041
India,2015 May,130511
India,2015 Jun,101773
India,2015 Jul,83806
India,2015 Aug,77137
India,2015 Sep,69846
India,2015 Oct,86649
India,2015 Nov,88350
India,2015 Dec,87950
India,2016 Jan,81363
India,2016 Feb,64702
India,2016 Mar,78859
India,2016 Apr,94578
India,2016 May,141986
India,2016 Jun,112026
India,2016 Jul,87919
India,2016 Aug,80977
India,2016 Sep,75074
India,2016 Oct,94649
India,2016 Nov,90734
India,2016 Dec,94323
India,2017 Jan,80062
India,2017 Feb,75905
India,2017 Mar,85299
India,2017 Apr,109303
India,2017 May,172822
India,2017 Jun,136478
India,2017 Jul,97125
India,2017 Aug,91551
India,2017 Sep,102262
India,2017 Oct,120100
India,2017 Nov,86432
India,2017 Dec,114738
India,2018 Jan,108067
India,2018 Feb,81797
India,2018 Mar,105560
India,2018 Apr,122229
India,2018 May,196072
India,2018 Jun,154945
India,2018 Jul,117798
India,2018 Aug,100744
India,2018 Sep,102251
India,2018 Oct,114000
India,2018 Nov,121319
India,2018 Dec,117495
India,2019 Jan,104562
India,2019 Feb,88926
India,2019 Mar,106506
India,2019 Apr,120225
India,2019 May,182727
India,2019 Jun,144118
India,2019 Jul,112026
India,2019 Aug,108736
India,2019 Sep,105075
India,2019 Oct,116182
India,2019 Nov,113717
India,2019 Dec,115193
India,2020 Jan,99643
India,2020 Feb,52946
India,2020 Mar,17848
India,2020 Apr,87
India,2020 May,79
India,2020 Jun,130
India,2020 Jul,634
India,2020 Aug,581
India,2020 Sep,394
India,2020 Oct,428
India,2020 Nov,500
India,2020 Dec,2252
India,2021 Jan,3946
India,2021 Feb,3215
India,2021 Mar,4193
India,2021 Apr,3729
India,2021 May,84
India,2021 Jun,12
India,2021 Jul,332
India,2021 Aug,95
India,2021 Sep,678
India,2021 Oct,2936
India,2021 Nov,7488
India,2021 Dec,27672
India,2022 Jan,11428
India,2022 Feb,15567
India,2022 Mar,27531
India,2022 Apr,41079
India,2022 May,59198
India,2022 Jun,64337
India,2022 Jul,75130
India,2022 Aug,76249
India,2022 Sep,86393
India,2022 Oct,81796
India,2022 Nov,73694
India,2022 Dec,74067
India,2023 Jan,56605
India,2023 Feb,61301
India,2023 Mar,75339
India,2023 Apr,97032
India,2023 May,130444
India,2023 Jun,114588
India,2023 Jul,93056
India,2023 Aug,83601
India,2023 Sep,81016
India,2023 Oct,94334
India,2023 Nov,90231
India,2023 Dec,92620
India,2024 Jan,82113
India,2024 Feb,66149
India,2024 Mar,97027
India,2024 Apr,106715
India,2024 May,156572
India,2024 Jun,120380
India,2024 Jul,89701
India,2024 Aug,91805
India,2024 Sep,87713
India,2024 Oct,102224
Pakistan,2014 Jan,1259
Pakistan,2014 Feb,1117
Pakistan,2014 Mar,1570
Pakistan,2014 Apr,1225
Pakistan,2014 May,1357
Pakistan,2014 Jun,2799
Pakistan,2014 Jul,1374
Pakistan,2014 Aug,1951
Pakistan,2014 Sep,1115
Pakistan,2014 Oct,1161
Pakistan,2014 Nov,1242
Pakistan,2014 Dec,1505
Pakistan,2015 Jan,1500
Pakistan,2015 Feb,870
Pakistan,2015 Mar,1234
Pakistan,2015 Apr,1125
Pakistan,2015 May,1291
Pakistan,2015 Jun,1947
Pakistan,2015 Jul,2281
Pakistan,2015 Aug,2250
Pakistan,2015 Sep,1383
Pakistan,2015 Oct,1857
Pakistan,2015 Nov,1446
Pakistan,2015 Dec,1764
Pakistan,2016 Jan,1563
Pakistan,2016 Feb,1250
Pakistan,2016 Mar,1409
Pakistan,2016 Apr,1439
Pakistan,2016 May,1824
Pakistan,2016 Jun,1196
Pakistan,2016 Jul,3823
Pakistan,2016 Aug,2494
Pakistan,2016 Sep,1893
Pakistan,2016 Oct,1901
Pakistan,2016 Nov,1473
Pakistan,2016 Dec,1947
Pakistan,2017 Jan,1520
Pakistan,2017 Feb,1522
Pakistan,2017 Mar,2050
Pakistan,2017 Apr,1434
Pakistan,2017 May,1383
Pakistan,2017 Jun,1421
Pakistan,2017 Jul,4160
Pakistan,2017 Aug,2159
Pakistan,2017 Sep,1968
Pakistan,2017 Oct,1552
Pakistan,2017 Nov,1816
Pakistan,2017 Dec,2521
Pakistan,2018 Jan,2071
Pakistan,2018 Feb,1302
Pakistan,2018 Mar,2382
Pakistan,2018 Apr,1893
Pakistan,2018 May,1492
Pakistan,2018 Jun,2550
Pakistan,2018 Jul,3833
Pakistan,2018 Aug,2519
Pakistan,2018 Sep,1808
Pakistan,2018 Oct,1643
Pakistan,2018 Nov,1464
Pakistan,2018 Dec,2373
Pakistan,2019 Jan,1959
Pakistan,2019 Feb,1327
Pakistan,2019 Mar,1419
Pakistan,2019 Apr,1293
Pakistan,2019 May,856
Pakistan,2019 Jun,2698
Pakistan,2019 Jul,2581
Pakistan,2019 Aug,1547
Pakistan,2019 Sep,1474
Pakistan,2019 Oct,1370
Pakistan,2019 Nov,1474
Pakistan,2019 Dec,1976
Pakistan,2020 Jan,1774
Pakistan,2020 Feb,742
Pakistan,2020 Mar,285
Pakistan,2020 Apr,0
Pakistan,2020 May,1
Pakistan,2020 Jun,3
Pakistan,2020 Jul,24
Pakistan,2020 Aug,42
Pakistan,2020 Sep,22
Pakistan,2020 Oct,28
Pakistan,2020 Nov,18
Pakistan,2020 Dec,37
Pakistan,2021 Jan,25
Pakistan,2021 Feb,14
Pakistan,2021 Mar,30
Pakistan,2021 Apr,13
Pakistan,2021 May,0
Pakistan,2021 Jun,0
Pakistan,2021 Jul,2
Pakistan,2021 Aug,4
Pakistan,2021 Sep,6
Pakistan,2021 Oct,6
Pakistan,2021 Nov,36
Pakistan,2021 Dec,59
Pakistan,2022 Jan,68
Pakistan,2022 Feb,28
Pakistan,2022 Mar,54
Pakistan,2022 Apr,147
Pakistan,2022 May,448
Pakistan,2022 Jun,999
Pakistan,2022 Jul,1405
Pakistan,2022 Aug,1458
Pakistan,2022 Sep,1199
Pakistan,2022 Oct,1492
Pakistan,2022 Nov,1643
Pakistan,2022 Dec,1623
Pakistan,2023 Jan,1452
Pakistan,2023 Feb,1584
Pakistan,2023 Mar,1060
Pakistan,2023 Apr,684
Pakistan,2023 May,1222
Pakistan,2023 Jun,1724
Pakistan,2023 Jul,2654
Pakistan,2023 Aug,1497
Pakistan,2023 Sep,1360
Pakistan,2023 Oct,1484
Pakistan,2023 Nov,1404
Pakistan,2023 Dec,1629
Pakistan,2024 Jan,1411
Pakistan,2024 Feb,1626
Pakistan,2024 Mar,824
Pakistan,2024 Apr,956
Pakistan,2024 May,1309
Pakistan,2024 Jun,2020
Pakistan,2024 Jul,2818
Pakistan,2024 Aug,1717
Pakistan,2024 Sep,1458
Pakistan,2024 Oct,1516
Sri Lanka,2014 Jan,6440
Sri Lanka,2014 Feb,6006
Sri Lanka,2014 Mar,5772
Sri Lanka,2014 Apr,11131
Sri Lanka,2014 May,6994
Sri Lanka,2014 Jun,6369
Sri Lanka,2014 Jul,5711
Sri Lanka,2014 Aug,9649
Sri Lanka,2014 Sep,7536
Sri Lanka,2014 Oct,6987
