name,code,start,end
Singapore Art Week,SAW,2014-01,2014-01
Singapore Art Week,SAW,2015-01,2015-01
Singapore Art Week,SAW,2016-01,2016-01
Singapore Art Week,SAW,2017-01,2017-01
Singapore Art Week,SAW,2018-01,2018-01
Singapore Art Week,SAW,2019-01,2019-01
Singapore Art Week,SAW,2020-01,2020-01
Singapore Art Week,SAW,2021-01,2021-01
Singapore Art Week,SAW,2022-01,2022-01
Singapore Art Week,SAW,2023-01,2023-01
Singapore Art Week,SAW,2024-01,2024-01
Singapore Art Week,SAW,2025-01,2025-01
Singapore Art Week,SAW,2026-01,2026-01