Institution,model,feature,group,importance_rmse,baseline_rmse
National Museum Of Singapore,rf,monthly_avg,single,7.408183286006128,21.677130612760084
National Museum Of Singapore,rf,seasonal_level,group,5.856304099610519,21.677130612760084
National Museum Of Singapore,rf,lag_12,single,3.0112268485282847,21.677130612760084
National Museum Of Singapore,rf,lags,group,2.9062614686433506,21.677130612760084
National Museum Of Singapore,rf,lag_1,single,0.32971865172359927,21.677130612760084
National Museum Of Singapore,rf,exogenous,group,0.18015106803400727,21.677130612760084
National Museum Of Singapore,rf,lag_6,single,0.1558497817302147,21.677130612760084
National Museum Of Singapore,rf,intl_arrivals,single,0.11814150583177607,21.677130612760084
National Museum Of Singapore,rf,lag_9,single,0.09121589035202504,21.677130612760084
National Museum Of Singapore,rf,lag_7,single,0.07670611817572492,21.677130612760084
National Museum Of Singapore,rf,lag_3,single,0.046574086786748126,21.677130612760084
National Museum Of Singapore,rf,lag_11,single,0.000978304540641517,21.677130612760084
National Museum Of Singapore,rf,is_closed,single,0.0,21.677130612760084
National Museum Of Singapore,rf,is_covid,single,0.0,21.677130612760084
National Museum Of Singapore,rf,regime_flags,group,0.0,21.677130612760084
National Museum Of Singapore,rf,lag_2,single,-0.0006910377365478837,21.677130612760084
National Museum Of Singapore,rf,lag_5,single,-0.012075016579839115,21.677130612760084
National Museum Of Singapore,rf,sin_month,single,-0.017216128165905786,21.677130612760084
National Museum Of Singapore,rf,lag_10,single,-0.0234218274220801,21.677130612760084
National Museum Of Singapore,rf,calendar,group,-0.02486599866984207,21.677130612760084
National Museum Of Singapore,rf,cos_month,single,-0.048251865465129384,21.677130612760084
National Museum Of Singapore,rf,lag_4,single,-0.06360826576395695,21.677130612760084
National Museum Of Singapore,rf,lag_8,single,-0.08908590039460407,21.677130612760084
National Museum Of Singapore,xgb,lags,group,7.388436295680869,16.34208376664327
National Museum Of Singapore,xgb,monthly_avg,single,4.9651011783721515,16.34208376664327
National Museum Of Singapore,xgb,calendar,group,4.463887417520446,16.34208376664327
National Museum Of Singapore,xgb,seasonal_level,group,4.085524855584062,16.34208376664327
National Museum Of Singapore,xgb,sin_month,single,3.476148833461586,16.34208376664327
National Museum Of Singapore,xgb,exogenous,group,3.0694071263405576,16.34208376664327
National Museum Of Singapore,xgb,lag_12,single,2.2833059928178088,16.34208376664327
National Museum Of Singapore,xgb,intl_arrivals,single,1.6189543290684227,16.34208376664327
National Museum Of Singapore,xgb,lag_10,single,1.5539743512948618,16.34208376664327
National Museum Of Singapore,xgb,lag_11,single,1.012559926908331,16.34208376664327
National Museum Of Singapore,xgb,lag_9,single,0.8185611301170113,16.34208376664327
National Museum Of Singapore,xgb,lag_3,single,0.789251631169531,16.34208376664327
National Museum Of Singapore,xgb,cos_month,single,0.5743199187731882,16.34208376664327
National Museum Of Singapore,xgb,lag_5,single,0.5052632806618185,16.34208376664327
National Museum Of Singapore,xgb,lag_1,single,0.36922907841286445,16.34208376664327
National Museum Of Singapore,xgb,lag_2,single,0.29509122446721037,16.34208376664327
National Museum Of Singapore,xgb,lag_4,single,0.24537011203327097,16.34208376664327
National Museum Of Singapore,xgb,lag_6,single,0.15379490414459696,16.34208376664327
National Museum Of Singapore,xgb,lag_7,single,0.07285814134376523,16.34208376664327
National Museum Of Singapore,xgb,is_closed,single,0.0,16.34208376664327
National Museum Of Singapore,xgb,is_covid,single,0.0,16.34208376664327
National Museum Of Singapore,xgb,regime_flags,group,0.0,16.34208376664327
National Museum Of Singapore,xgb,lag_8,single,-0.5069884132730831,16.34208376664327
National Museum Of Singapore,svr,monthly_avg,single,10.249838463948294,19.669984989281467
National Museum Of Singapore,svr,seasonal_level,group,9.18412861803985,19.669984989281467
National Museum Of Singapore,svr,lags,group,4.66601774353834,19.669984989281467
National Museum Of Singapore,svr,exogenous,group,3.303938960734886,19.669984989281467
National Museum Of Singapore,svr,intl_arrivals,single,2.1406976620625358,19.669984989281467
National Museum Of Singapore,svr,lag_8,single,1.6144132423587685,19.669984989281467
National Museum Of Singapore,svr,lag_12,single,1.5104228242855378,19.669984989281467
National Museum Of Singapore,svr,lag_1,single,1.3900315316291767,19.669984989281467
National Museum Of Singapore,svr,calendar,group,0.18972089940312742,19.669984989281467
National Museum Of Singapore,svr,cos_month,single,0.016787146059566993,19.669984989281467
National Museum Of Singapore,svr,lag_4,single,0.00029091955660121016,19.669984989281467
National Museum Of Singapore,svr,regime_flags,group,0.0,19.669984989281467
National Museum Of Singapore,svr,is_closed,single,0.0,19.669984989281467
National Museum Of Singapore,svr,is_covid,single,0.0,19.669984989281467
National Museum Of Singapore,svr,lag_10,single,-0.0010175544557924354,19.669984989281467
National Museum Of Singapore,svr,lag_9,single,-0.08227606317485936,19.669984989281467
National Museum Of Singapore,svr,lag_3,single,-0.13526327323737064,19.669984989281467
National Museum Of Singapore,svr,lag_5,single,-0.14017615832253583,19.669984989281467
National Museum Of Singapore,svr,lag_11,single,-0.16121053790812923,19.669984989281467
National Museum Of Singapore,svr,lag_7,single,-0.26391056858845374,19.669984989281467
National Museum Of Singapore,svr,sin_month,single,-0.37643958756467555,19.669984989281467
National Museum Of Singapore,svr,lag_2,single,-0.4200227672444008,19.669984989281467
National Museum Of Singapore,svr,lag_6,single,-0.46486545326020234,19.669984989281467
National Museum Of Singapore,sarimax,exogenous,group,3.6590380098053714,26.37756804161666
National Museum Of Singapore,sarimax,intl_arrivals,single,2.4503358235831065,26.37756804161666
National Museum Of Singapore,sarimax,calendar,group,8.703971201029503e-05,26.37756804161666
National Museum Of Singapore,sarimax,sin_month,single,6.93589905225167e-05,26.37756804161666
National Museum Of Singapore,sarimax,cos_month,single,6.94139641055358e-06,26.37756804161666
National Museum Of Singapore,sarimax,is_closed,single,3.552713678800501e-15,26.37756804161666
National Museum Of Singapore,sarimax,is_covid,single,3.552713678800501e-15,26.37756804161666
National Museum Of Singapore,sarimax,regime_flags,group,3.552713678800501e-15,26.37756804161666
National Museum Of Singapore,sarimax,lags,group,3.552713678800501e-15,26.37756804161666
National Museum Of Singapore,sarimax,lag_12,single,3.552713678800501e-15,26.37756804161666
National Museum Of Singapore,sarimax,lag_11,single,3.552713678800501e-15,26.37756804161666
National Museum Of Singapore,sarimax,lag_10,single,3.552713678800501e-15,26.37756804161666
National Museum Of Singapore,sarimax,lag_9,single,3.552713678800501e-15,26.37756804161666
National Museum Of Singapore,sarimax,lag_8,single,3.552713678800501e-15,26.37756804161666
National Museum Of Singapore,sarimax,lag_7,single,3.552713678800501e-15,26.37756804161666
National Museum Of Singapore,sarimax,lag_5,single,3.552713678800501e-15,26.37756804161666
National Museum Of Singapore,sarimax,lag_4,single,3.552713678800501e-15,26.37756804161666
National Museum Of Singapore,sarimax,lag_3,single,3.552713678800501e-15,26.37756804161666
National Museum Of Singapore,sarimax,lag_2,single,3.552713678800501e-15,26.37756804161666
National Museum Of Singapore,sarimax,lag_1,single,3.552713678800501e-15,26.37756804161666
National Museum Of Singapore,sarimax,lag_6,single,3.552713678800501e-15,26.37756804161666
National Museum Of Singapore,sarimax,seasonal_level,group,-0.0001846802113441015,26.37756804161666
National Museum Of Singapore,sarimax,monthly_avg,single,-0.00029090609190518535,26.37756804161666
