Data Series,Reporting Period,Value
Asian Civilisations Museum,2014 Jan,36.5
Asian Civilisations Museum,2014 Feb,37.7
Asian Civilisations Museum,2014 Mar,49.4
Asian Civilisations Museum,2014 Apr,46.5
Asian Civilisations Museum,2014 May,38.6
Asian Civilisations Museum,2014 Jun,25.7
Asian Civilisations Museum,2014 Jul,44.8
Asian Civilisations Museum,2014 Aug,28.4
Asian Civilisations Museum,2014 Sep,27.9
Asian Civilisations Museum,2014 Oct,33.2
Asian Civilisations Museum,2014 Nov,27.3
Asian Civilisations Museum,2014 Dec,27.3
Asian Civilisations Museum,2015 Jan,26.3
Asian Civilisations Museum,2015 Feb,25.9
Asian Civilisations Museum,2015 Mar,26
Asian Civilisations Museum,2015 Apr,25.1
Asian Civilisations Museum,2015 May,23.3
Asian Civilisations Museum,2015 Jun,24.5
Asian Civilisations Museum,2015 Jul,30
Asian Civilisations Museum,2015 Aug,45.9
Asian Civilisations Museum,2015 Sep,19.7
Asian Civilisations Museum,2015 Oct,39.5
Asian Civilisations Museum,2015 Nov,39.7
Asian Civilisations Museum,2015 Dec,23.7
National Museum Of Singapore,2014 Jan,105.7
National Museum Of Singapore,2014 Feb,112.2
National Museum Of Singapore,2014 Mar,71.4
National Museum Of Singapore,2014 Apr,62.4
National Museum Of Singapore,2014 May,84.3
National Museum Of Singapore,2014 Jun,75.3
National Museum Of Singapore,2014 Jul,74
National Museum Of Singapore,2014 Aug,102
National Museum Of Singapore,2014 Sep,63.7
National Museum Of Singapore,2014 Oct,50.5
National Museum Of Singapore,2014 Nov,50.9
National Museum Of Singapore,2014 Dec,49.6
National Museum Of Singapore,2015 Jan,50.9
National Museum Of Singapore,2015 Feb,46.2
National Museum Of Singapore,2015 Mar,56.3
National Museum Of Singapore,2015 Apr,89
National Museum Of Singapore,2015 May,84
National Museum Of Singapore,2015 Jun,76
National Museum Of Singapore,2015 Jul,56.2
National Museum Of Singapore,2015 Aug,108.9
National Museum Of Singapore,2015 Sep,45.4
National Museum Of Singapore,2015 Oct,50.7
National Museum Of Singapore,2015 Nov,50.9
National Museum Of Singapore,2015 Dec,60.1
Singapore Art Museum,2014 Jan,71.7
Singapore Art Museum,2014 Feb,67.5
Singapore Art Museum,2014 Mar,50.6
Singapore Art Museum,2014 Apr,54.7
Singapore Art Museum,2014 May,52.4
Singapore Art Museum,2014 Jun,49.6
Singapore Art Museum,2014 Jul,48.4
Singapore Art Museum,2014 Aug,109.3
Singapore Art Museum,2014 Sep,47.7
Singapore Art Museum,2014 Oct,68.4
Singapore Art Museum,2014 Nov,64.9
Singapore Art Museum,2014 Dec,58.7
Singapore Art Museum,2015 Jan,84.3
Singapore Art Museum,2015 Feb,49.8
Singapore Art Museum,2015 Mar,67.2
Singapore Art Museum,2015 Apr,72.9
Singapore Art Museum,2015 May,82.7
Singapore Art Museum,2015 Jun,95.6
Singapore Art Museum,2015 Jul,83.3
Singapore Art Museum,2015 Aug,143.5
Singapore Art Museum,2015 Sep,58.5
Singapore Art Museum,2015 Oct,64.8
Singapore Art Museum,2015 Nov,55.1
Singapore Art Museum,2015 Dec,45.5
Peranakan Museum,2014 Jan,33.5
Peranakan Museum,2014 Feb,30.2
Peranakan Museum,2014 Mar,27.6
Peranakan Museum,2014 Apr,25.4
Peranakan Museum,2014 May,27.5
Peranakan Museum,2014 Jun,32.2
Peranakan Museum,2014 Jul,37
Peranakan Museum,2014 Aug,80
Peranakan Museum,2014 Sep,31.9
Peranakan Museum,2014 Oct,30.9
Peranakan Museum,2014 Nov,31
Peranakan Museum,2014 Dec,29.8
Peranakan Museum,2015 Jan,34.3
Peranakan Museum,2015 Feb,32.5
Peranakan Museum,2015 Mar,36
Peranakan Museum,2015 Apr,33.2
Peranakan Museum,2015 May,38.3
Peranakan Museum,2015 Jun,36.8
Peranakan Museum,2015 Jul,39.8
Peranakan Museum,2015 Aug,93.5
Peranakan Museum,2015 Sep,32.5
Peranakan Museum,2015 Oct,33.1
Peranakan Museum,2015 Nov,32.6
Peranakan Museum,2015 Dec,33
Science Centre Singapore,2014 Jan,59.9
Science Centre Singapore,2014 Feb,58.6
Science Centre Singapore,2014 Mar,52.6
Science Centre Singapore,2014 Apr,41.2
Science Centre Singapore,2014 May,52.7
Science Centre Singapore,2014 Jun,108.7
Science Centre Singapore,2014 Jul,130.2
Science Centre Singapore,2014 Aug,99.2
Science Centre Singapore,2014 Sep,64
Science Centre Singapore,2014 Oct,70.8
Science Centre Singapore,2014 Nov,86
Science Centre Singapore,2014 Dec,128.4
Science Centre Singapore,2015 Jan,58.3
Science Centre Singapore,2015 Feb,68.9
Science Centre Singapore,2015 Mar,75.5
Science Centre Singapore,2015 Apr,78.9
Science Centre Singapore,2015 May,87.6
Science Centre Singapore,2015 Jun,75.9
Science Centre Singapore,2015 Jul,94.2
Science Centre Singapore,2015 Aug,191.4
Science Centre Singapore,2015 Sep,67.3
Science Centre Singapore,2015 Oct,69
Science Centre Singapore,2015 Nov,78.9
Science Centre Singapore,2015 Dec,100.1
Night Safari,2014 Jan,105.7
Night Safari,2014 Feb,96.4
Night Safari,2014 Mar,89.2
Night Safari,2014 Apr,87.5
Night Safari,2014 May,101.8
Night Safari,2014 Jun,98.7
Night Safari,2014 Jul,122.6
Night Safari,2014 Aug,136.8
Night Safari,2014 Sep,77.6
Night Safari,2014 Oct,96.6
Night Safari,2014 Nov,69.9
Night Safari,2014 Dec,97.1
Night Safari,2015 Jan,94.7
Night Safari,2015 Feb,106.1
Night Safari,2015 Mar,80.4
Night Safari,2015 Apr,78.8
Night Safari,2015 May,101.2
Night Safari,2015 Jun,93.9
Night Safari,2015 Jul,127.1
Night Safari,2015 Aug,137.3
Night Safari,2015 Sep,80.7
Night Safari,2015 Oct,87.2
Night Safari,2015 Nov,74.6
Night Safari,2015 Dec,97
River Wonders,2014 Jan,103
River Wonders,2014 Feb,102.2
River Wonders,2014 Mar,123
River Wonders,2014 Apr,86.1
River Wonders,2014 May,94.9
River Wonders,2014 Jun,118
River Wonders,2014 Jul,93.3
River Wonders,2014 Aug,94.4
River Wonders,2014 Sep,68.3
River Wonders,2014 Oct,84.7
River Wonders,2014 Nov,85.6
River Wonders,2014 Dec,91
River Wonders,2015 Jan,50.5
River Wonders,2015 Feb,59.2
River Wonders,2015 Mar,53.7
River Wonders,2015 Apr,56.1
River Wonders,2015 May,73.3
River Wonders,2015 Jun,87.1
River Wonders,2015 Jul,82.8
River Wonders,2015 Aug,119.7
River Wonders,2015 Sep,56.3
River Wonders,2015 Oct,54.7
River Wonders,2015 Nov,59.4
River Wonders,2015 Dec,90.3
Singapore Zoological Gardens,2014 Jan,135.7
Singapore Zoological Gardens,2014 Feb,134.7
Singapore Zoological Gardens,2014 Mar,131.5
Singapore Zoological Gardens,2014 Apr,132.9
Singapore Zoological Gardens,2014 May,138.5
Singapore Zoological Gardens,2014 Jun,141.7
Singapore Zoological Gardens,2014 Jul,155.7
Singapore Zoological Gardens,2014 Aug,169.4
Singapore Zoological Gardens,2014 Sep,118.3
Singapore Zoological Gardens,2014 Oct,129.9
Singapore Zoological Gardens,2014 Nov,125.4
Singapore Zoological Gardens,2014 Dec,164.5
Singapore Zoological Gardens,2015 Jan,129.7
Singapore Zoological Gardens,2015 Feb,156.3
Singapore Zoological Gardens,2015 Mar,127.9
Singapore Zoological Gardens,2015 Apr,133.3
Singapore Zoological Gardens,2015 May,153.1
Singapore Zoological Gardens,2015 Jun,190.1
Singapore Zoological Gardens,2015 Jul,184.5
Singapore Zoological Gardens,2015 Aug,223.3
Singapore Zoological Gardens,2015 Sep,115.8
Singapore Zoological Gardens,2015 Oct,106.2
Singapore Zoological Gardens,2015 Nov,125.8
Singapore Zoological Gardens,2015 Dec,187.4
Jurong Lake Gardens,2014 Jan,82.7
Jurong Lake Gardens,2014 Feb,79.7
Jurong Lake Gardens,2014 Mar,99.1
Jurong Lake Gardens,2014 Apr,94.8
Jurong Lake Gardens,2014 May,88.3
Jurong Lake Gardens,2014 Jun,93.8
Jurong Lake Gardens,2014 Jul,78.5
Jurong Lake Gardens,2014 Aug,65.9
Jurong Lake Gardens,2014 Sep,56.6
Jurong Lake Gardens,2014 Oct,78.7
Jurong Lake Gardens,2014 Nov,71.3
Jurong Lake Gardens,2014 Dec,61.8
Jurong Lake Gardens,2015 Jan,61.9
Jurong Lake Gardens,2015 Feb,88.9
Jurong Lake Gardens,2015 Mar,86.8
Jurong Lake Gardens,2015 Apr,96.9
Jurong Lake Gardens,2015 May,85.8
Jurong Lake Gardens,2015 Jun,87.4
Jurong Lake Gardens,2015 Jul,86.7
Jurong Lake Gardens,2015 Aug,74.2
Jurong Lake Gardens,2015 Sep,64.1
Jurong Lake Gardens,2015 Oct,53.7
Jurong Lake Gardens,2015 Nov,70
Jurong Lake Gardens,2015 Dec,83.1
Sun Yat Sen Nanyang Memorial Hall,2014 Jan,4.1
Sun Yat Sen Nanyang Memorial Hall,2014 Feb,8.1
Sun Yat Sen Nanyang Memorial Hall,2014 Mar,3.5
Sun Yat Sen Nanyang Memorial Hall,2014 Apr,2.8
Sun Yat Sen Nanyang Memorial Hall,2014 May,9
Sun Yat Sen Nanyang Memorial Hall,2014 Jun,7.6
Sun Yat Sen Nanyang Memorial Hall,2014 Jul,6.7
Sun Yat Sen Nanyang Memorial Hall,2014 Aug,6.6
Sun Yat Sen Nanyang Memorial Hall,2014 Sep,8.8
Sun Yat Sen Nanyang Memorial Hall,2014 Oct,17.7
Sun Yat Sen Nanyang Memorial Hall,2014 Nov,10.6
Sun Yat Sen Nanyang Memorial Hall,2014 Dec,7
Sun Yat Sen Nanyang Memorial Hall,2015 Jan,4.5
Sun Yat Sen Nanyang Memorial Hall,2015 Feb,18.7
Sun Yat Sen Nanyang Memorial Hall,2015 Mar,3.7
Sun Yat Sen Nanyang Memorial Hall,2015 Apr,5.6
Sun Yat Sen Nanyang Memorial Hall,2015 May,7.7
Sun Yat Sen Nanyang Memorial Hall,2015 Jun,10.3
Sun Yat Sen Nanyang Memorial Hall,2015 Jul,7.5
Sun Yat Sen Nanyang Memorial Hall,2015 Aug,6.6
Sun Yat Sen Nanyang Memorial Hall,2015 Sep,10.8
Sun Yat Sen Nanyang Memorial Hall,2015 Oct,6.7
Sun Yat Sen Nanyang Memorial Hall,2015 Nov,8.8
Sun Yat Sen Nanyang Memorial Hall,2015 Dec,6.4
Indian Heritage Centre,2015 May,43.4
Indian Heritage Centre,2015 Jun,23.9
Indian Heritage Centre,2015 Jul,23.8
Indian Heritage Centre,2015 Aug,23.3
Indian Heritage Centre,2015 Sep,36.4
Indian Heritage Centre,2015 Oct,21.3
Indian Heritage Centre,2015 Nov,14
Indian Heritage Centre,2015 Dec,9
Malay Heritage Centre,2014 Jan,11.6
Malay Heritage Centre,2014 Feb,12.1
Malay Heritage Centre,2014 Mar,15.4
Malay Heritage Centre,2014 Apr,13
Malay Heritage Centre,2014 May,15.4
Malay Heritage Centre,2014 Jun,12.2
Malay Heritage Centre,2014 Jul,15.4
Malay Heritage Centre,2014 Aug,17.9
Malay Heritage Centre,2014 Sep,12.3
Malay Heritage Centre,2014 Oct,18
Malay Heritage Centre,2014 Nov,14.1
Malay Heritage Centre,2014 Dec,9.1
Malay Heritage Centre,2015 Jan,36.2
Malay Heritage Centre,2015 Feb,36.8
Malay Heritage Centre,2015 Mar,36.1
Malay Heritage Centre,2015 Apr,33.3
Malay Heritage Centre,2015 May,37.6
Malay Heritage Centre,2015 Jun,38.2
Malay Heritage Centre,2015 Jul,47.2
Malay Heritage Centre,2015 Aug,59.2
Malay Heritage Centre,2015 Sep,33.9
Malay Heritage Centre,2015 Oct,43.1
Malay Heritage Centre,2015 Nov,44.3
Malay Heritage Centre,2015 Dec,51
Asian Civilisations Museum,2016 Jan,34.8
Asian Civilisations Museum,2016 Feb,38.3
Asian Civilisations Museum,2016 Mar,68.9
Asian Civilisations Museum,2016 Apr,46.3
Asian Civilisations Museum,2016 May,45
Asian Civilisations Museum,2016 Jun,32.7
Asian Civilisations Museum,2016 Jul,40.7
Asian Civilisations Museum,2016 Aug,42.5
Asian Civilisations Museum,2016 Sep,50.8
Asian Civilisations Museum,2016 Oct,53.6
Asian Civilisations Museum,2016 Nov,40.4
Asian Civilisations Museum,2016 Dec,40.3
Asian Civilisations Museum,2017 Jan,52.2
Asian Civilisations Museum,2017 Feb,40.5
Asian Civilisations Museum,2017 Mar,37.4
Asian Civilisations Museum,2017 Apr,42.5
Asian Civilisations Museum,2017 May,49.9
Asian Civilisations Museum,2017 Jun,48
Asian Civilisations Museum,2017 Jul,43.4
Asian Civilisations Museum,2017 Aug,41.3
Asian Civilisations Museum,2017 Sep,28.9
Asian Civilisations Museum,2017 Oct,36.9
Asian Civilisations Museum,2017 Nov,33.2
Asian Civilisations Museum,2017 Dec,34.4
National Museum Of Singapore,2016 Jan,60.7
National Museum Of Singapore,2016 Feb,50.4
National Museum Of Singapore,2016 Mar,50.8
National Museum Of Singapore,2016 Apr,60.3
National Museum Of Singapore,2016 May,76.9
National Museum Of Singapore,2016 Jun,89
National Museum Of Singapore,2016 Jul,55.2
National Museum Of Singapore,2016 Aug,93.9
National Museum Of Singapore,2016 Sep,62.7
National Museum Of Singapore,2016 Oct,56.7
National Museum Of Singapore,2016 Nov,56.2
National Museum Of Singapore,2016 Dec,64.6
National Museum Of Singapore,2017 Jan,65.7
National Museum Of Singapore,2017 Feb,69.5
National Museum Of Singapore,2017 Mar,60.7
National Museum Of Singapore,2017 Apr,49.2
National Museum Of Singapore,2017 May,58.3
National Museum Of Singapore,2017 Jun,64.1
National Museum Of Singapore,2017 Jul,72.4
National Museum Of Singapore,2017 Aug,190.1
National Museum Of Singapore,2017 Sep,60.8
National Museum Of Singapore,2017 Oct,83.3
National Museum Of Singapore,2017 Nov,60.8
National Museum Of Singapore,2017 Dec,66.6
Singapore Art Museum,2016 Jan,47.2
Singapore Art Museum,2016 Feb,34.7
Singapore Art Museum,2016 Mar,38.8
Singapore Art Museum,2016 Apr,35.8
Singapore Art Museum,2016 May,75.5
Singapore Art Museum,2016 Jun,83.7
Singapore Art Museum,2016 Jul,69.7
Singapore Art Museum,2016 Aug,128
Singapore Art Museum,2016 Sep,34.3
Singapore Art Museum,2016 Oct,55.9
Singapore Art Museum,2016 Nov,68
Singapore Art Museum,2016 Dec,61.2
Singapore Art Museum,2017 Jan,61.5
Singapore Art Museum,2017 Feb,67.4
Singapore Art Museum,2017 Mar,24.6
Singapore Art Museum,2017 Apr,11.5
Singapore Art Museum,2017 May,38.7
Singapore Art Museum,2017 Jun,37.6
Singapore Art Museum,2017 Jul,30.7
Singapore Art Museum,2017 Aug,69.2
Singapore Art Museum,2017 Sep,12
Singapore Art Museum,2017 Oct,21.8
Singapore Art Museum,2017 Nov,20
Singapore Art Museum,2017 Dec,19.7
Peranakan Museum,2016 Jan,29.3
Peranakan Museum,2016 Feb,25.3
Peranakan Museum,2016 Mar,43.2
Peranakan Museum,2016 Apr,28.3
Peranakan Museum,2016 May,29.9
Peranakan Museum,2016 Jun,27.2
Peranakan Museum,2016 Jul,37.5
Peranakan Museum,2016 Aug,122.9
Peranakan Museum,2016 Sep,42.3
Peranakan Museum,2016 Oct,41.4
Peranakan Museum,2016 Nov,39.9
Peranakan Museum,2016 Dec,41.2
Peranakan Museum,2017 Jan,41.2
Peranakan Museum,2017 Feb,40.5
Peranakan Museum,2017 Mar,59.5
Peranakan Museum,2017 Apr,38
Peranakan Museum,2017 May,38.9
Peranakan Museum,2017 Jun,39.1
Peranakan Museum,2017 Jul,39.3
Peranakan Museum,2017 Aug,72.3
Peranakan Museum,2017 Sep,27
Peranakan Museum,2017 Oct,26.8
Peranakan Museum,2017 Nov,25.6
Peranakan Museum,2017 Dec,24.9
Science Centre Singapore,2016 Jan,64.1
Science Centre Singapore,2016 Feb,76.8
Science Centre Singapore,2016 Mar,81.6
Science Centre Singapore,2016 Apr,66.5
Science Centre Singapore,2016 May,73.7
Science Centre Singapore,2016 Jun,83
Science Centre Singapore,2016 Jul,87.4
Science Centre Singapore,2016 Aug,86.3
Science Centre Singapore,2016 Sep,57.9
Science Centre Singapore,2016 Oct,69
Science Centre Singapore,2016 Nov,95
Science Centre Singapore,2016 Dec,114.5
Science Centre Singapore,2017 Jan,78.7
Science Centre Singapore,2017 Feb,70.4
Science Centre Singapore,2017 Mar,80.1
Science Centre Singapore,2017 Apr,59.2
Science Centre Singapore,2017 May,63.5
Science Centre Singapore,2017 Jun,81.5
Science Centre Singapore,2017 Jul,94.6
Science Centre Singapore,2017 Aug,88.6
Science Centre Singapore,2017 Sep,51.5
Science Centre Singapore,2017 Oct,69.2
Science Centre Singapore,2017 Nov,55.9
Science Centre Singapore,2017 Dec,81.5
Night Safari,2016 Jan,97.5
Night Safari,2016 Feb,91.4
Night Safari,2016 Mar,91
Night Safari,2016 Apr,81.7
Night Safari,2016 May,101
Night Safari,2016 Jun,99.3
Night Safari,2016 Jul,130
Night Safari,2016 Aug,132.8
Night Safari,2016 Sep,75
Night Safari,2016 Oct,85.4
Night Safari,2016 Nov,67.4
Night Safari,2016 Dec,98
Night Safari,2017 Jan,103.8
Night Safari,2017 Feb,92.5
Night Safari,2017 Mar,92.6
Night Safari,2017 Apr,99.9
Night Safari,2017 May,109.7
Night Safari,2017 Jun,112.6
Night Safari,2017 Jul,130
Night Safari,2017 Aug,139.8
Night Safari,2017 Sep,88.6
Night Safari,2017 Oct,103.5
Night Safari,2017 Nov,75.3
Night Safari,2017 Dec,113.5
River Wonders,2016 Jan,54.2
River Wonders,2016 Feb,57.6
River Wonders,2016 Mar,60.6
River Wonders,2016 Apr,54.4
River Wonders,2016 May,67.5
River Wonders,2016 Jun,73.8
River Wonders,2016 Jul,89.5
River Wonders,2016 Aug,95.8
River Wonders,2016 Sep,55.1
River Wonders,2016 Oct,75.6
River Wonders,2016 Nov,56.9
River Wonders,2016 Dec,101.9
River Wonders,2017 Jan,73.1
River Wonders,2017 Feb,60.8
River Wonders,2017 Mar,70.4
River Wonders,2017 Apr,74.6
River Wonders,2017 May,78.8
River Wonders,2017 Jun,87.3
River Wonders,2017 Jul,91.9
River Wonders,2017 Aug,110.8
River Wonders,2017 Sep,64.9
River Wonders,2017 Oct,77.5
River Wonders,2017 Nov,60.4
River Wonders,2017 Dec,102
Singapore Zoological Gardens,2016 Jan,134.9
Singapore Zoological Gardens,2016 Feb,153.7
Singapore Zoological Gardens,2016 Mar,144.2
Singapore Zoological Gardens,2016 Apr,128
Singapore Zoological Gardens,2016 May,149.2
Singapore Zoological Gardens,2016 Jun,144.5
Singapore Zoological Gardens,2016 Jul,183.8
Singapore Zoological Gardens,2016 Aug,188.9
Singapore Zoological Gardens,2016 Sep,119
Singapore Zoological Gardens,2016 Oct,134.9
Singapore Zoological Gardens,2016 Nov,117.4
Singapore Zoological Gardens,2016 Dec,198.5
Singapore Zoological Gardens,2017 Jan,161.9
Singapore Zoological Gardens,2017 Feb,133.1
Singapore Zoological Gardens,2017 Mar,145.5
Singapore Zoological Gardens,2017 Apr,156.6
Singapore Zoological Gardens,2017 May,148.2
Singapore Zoological Gardens,2017 Jun,160.2
Singapore Zoological Gardens,2017 Jul,187.5
Singapore Zoological Gardens,2017 Aug,200.9
Singapore Zoological Gardens,2017 Sep,134.1
Singapore Zoological Gardens,2017 Oct,152.1
Singapore Zoological Gardens,2017 Nov,116.3
Singapore Zoological Gardens,2017 Dec,195.4
Jurong Lake Gardens,2016 Jan,105.2
Jurong Lake Gardens,2016 Feb,121.6
Jurong Lake Gardens,2016 Mar,122.8
Jurong Lake Gardens,2016 Apr,160.2
Jurong Lake Gardens,2016 May,74.8
Jurong Lake Gardens,2016 Jun,68
Jurong Lake Gardens,2016 Jul,81.4
Jurong Lake Gardens,2016 Aug,183.6
Jurong Lake Gardens,2016 Sep,107.3
Jurong Lake Gardens,2016 Oct,172.3
Jurong Lake Gardens,2016 Nov,49.6
Jurong Lake Gardens,2016 Dec,67.8
Jurong Lake Gardens,2017 Jan,78.7
Jurong Lake Gardens,2017 Feb,88.2
Jurong Lake Gardens,2017 Mar,71.6
Jurong Lake Gardens,2017 Apr,68.7
Jurong Lake Gardens,2017 May,71.4
Jurong Lake Gardens,2017 Jun,92.8
Jurong Lake Gardens,2017 Jul,86.6
Jurong Lake Gardens,2017 Aug,83.3
Jurong Lake Gardens,2017 Sep,85.8
Jurong Lake Gardens,2017 Oct,76.7
Jurong Lake Gardens,2017 Nov,68.9
Jurong Lake Gardens,2017 Dec,52.1
Sun Yat Sen Nanyang Memorial Hall,2016 Jan,6.2
Sun Yat Sen Nanyang Memorial Hall,2016 Feb,10.8
Sun Yat Sen Nanyang Memorial Hall,2016 Mar,8.4
Sun Yat Sen Nanyang Memorial Hall,2016 Apr,4.1
Sun Yat Sen Nanyang Memorial Hall,2016 May,8.9
Sun Yat Sen Nanyang Memorial Hall,2016 Jun,4.6
Sun Yat Sen Nanyang Memorial Hall,2016 Jul,6.2
Sun Yat Sen Nanyang Memorial Hall,2016 Aug,5.5
Sun Yat Sen Nanyang Memorial Hall,2016 Sep,28
Sun Yat Sen Nanyang Memorial Hall,2016 Oct,15.9
Sun Yat Sen Nanyang Memorial Hall,2016 Nov,22.8
Sun Yat Sen Nanyang Memorial Hall,2016 Dec,11.8
Sun Yat Sen Nanyang Memorial Hall,2017 Jan,15.5
Sun Yat Sen Nanyang Memorial Hall,2017 Feb,11.3
Sun Yat Sen Nanyang Memorial Hall,2017 Mar,8
Sun Yat Sen Nanyang Memorial Hall,2017 Apr,8.5
Sun Yat Sen Nanyang Memorial Hall,2017 May,13.8
Sun Yat Sen Nanyang Memorial Hall,2017 Jun,5.1
Sun Yat Sen Nanyang Memorial Hall,2017 Jul,6.3
Sun Yat Sen Nanyang Memorial Hall,2017 Aug,7.7
Sun Yat Sen Nanyang Memorial Hall,2017 Sep,10.5
Sun Yat Sen Nanyang Memorial Hall,2017 Oct,13.6
Sun Yat Sen Nanyang Memorial Hall,2017 Nov,14
Sun Yat Sen Nanyang Memorial Hall,2017 Dec,7.7
Indian Heritage Centre,2016 Jan,11.5
Indian Heritage Centre,2016 Feb,13
Indian Heritage Centre,2016 Mar,11.3
Indian Heritage Centre,2016 Apr,11.2
Indian Heritage Centre,2016 May,10.7
Indian Heritage Centre,2016 Jun,10.1
Indian Heritage Centre,2016 Jul,16.3
Indian Heritage Centre,2016 Aug,12.7
Indian Heritage Centre,2016 Sep,12.4
Indian Heritage Centre,2016 Oct,15.8
Indian Heritage Centre,2016 Nov,12.1
Indian Heritage Centre,2016 Dec,9
Indian Heritage Centre,2017 Jan,12.7
Indian Heritage Centre,2017 Feb,12.2
Indian Heritage Centre,2017 Mar,14.9
Indian Heritage Centre,2017 Apr,12.5
Indian Heritage Centre,2017 May,15.8
Indian Heritage Centre,2017 Jun,11.6
Indian Heritage Centre,2017 Jul,13.9
Indian Heritage Centre,2017 Aug,17.4
Indian Heritage Centre,2017 Sep,17.5
Indian Heritage Centre,2017 Oct,24.5
Indian Heritage Centre,2017 Nov,9.5
Indian Heritage Centre,2017 Dec,14
Malay Heritage Centre,2016 Jan,34.7
Malay Heritage Centre,2016 Feb,31.8
Malay Heritage Centre,2016 Mar,49.9
Malay Heritage Centre,2016 Apr,35.9
Malay Heritage Centre,2016 May,43.9
Malay Heritage Centre,2016 Jun,43.4
Malay Heritage Centre,2016 Jul,55
Malay Heritage Centre,2016 Aug,50.4
Malay Heritage Centre,2016 Sep,37.8
Malay Heritage Centre,2016 Oct,41.6
Malay Heritage Centre,2016 Nov,40.7
Malay Heritage Centre,2016 Dec,43.1
Malay Heritage Centre,2017 Jan,49.3
Malay Heritage Centre,2017 Feb,57.3
Malay Heritage Centre,2017 Mar,59.7
Malay Heritage Centre,2017 Apr,50.6
Malay Heritage Centre,2017 May,48.9
Malay Heritage Centre,2017 Jun,70
Malay Heritage Centre,2017 Jul,73.3
Malay Heritage Centre,2017 Aug,60.2
Malay Heritage Centre,2017 Sep,48.2
Malay Heritage Centre,2017 Oct,68.9
Malay Heritage Centre,2017 Nov,57.5
Malay Heritage Centre,2017 Dec,53.8
Asian Civilisations Museum,2018 Jan,41.9
Asian Civilisations Museum,2018 Feb,36.9
Asian Civilisations Museum,2018 Mar,46.4
Asian Civilisations Museum,2018 Apr,45.6
Asian Civilisations Museum,2018 May,48.8
Asian Civilisations Museum,2018 Jun,44.1
Asian Civilisations Museum,2018 Jul,46.7
Asian Civilisations Museum,2018 Aug,42.3
Asian Civilisations Museum,2018 Sep,37.3
Asian Civilisations Museum,2018 Oct,49.7
Asian Civilisations Museum,2018 Nov,43.7
Asian Civilisations Museum,2018 Dec,41.4
Asian Civilisations Museum,2019 Jan,52
Asian Civilisations Museum,2019 Feb,55.2
Asian Civilisations Museum,2019 Mar,65.9
Asian Civilisations Museum,2019 Apr,48.5
Asian Civilisations Museum,2019 May,47.4
Asian Civilisations Museum,2019 Jun,58.1
Asian Civilisations Museum,2019 Jul,65
Asian Civilisations Museum,2019 Aug,64
Asian Civilisations Museum,2019 Sep,63.7
Asian Civilisations Museum,2019 Oct,56
Asian Civilisations Museum,2019 Nov,50.5
Asian Civilisations Museum,2019 Dec,44
National Museum Of Singapore,2018 Jan,70.2
National Museum Of Singapore,2018 Feb,74.6
National Museum Of Singapore,2018 Mar,80.3
National Museum Of Singapore,2018 Apr,67.4
National Museum Of Singapore,2018 May,80.2
National Museum Of Singapore,2018 Jun,82.9
National Museum Of Singapore,2018 Jul,86.5
National Museum Of Singapore,2018 Aug,131.8
National Museum Of Singapore,2018 Sep,68.9
National Museum Of Singapore,2018 Oct,79.5
National Museum Of Singapore,2018 Nov,68.4
National Museum Of Singapore,2018 Dec,68.9
National Museum Of Singapore,2019 Jan,74.6
National Museum Of Singapore,2019 Feb,82.9
National Museum Of Singapore,2019 Mar,85.6
National Museum Of Singapore,2019 Apr,72.1
National Museum Of Singapore,2019 May,66.6
National Museum Of Singapore,2019 Jun,116.3
National Museum Of Singapore,2019 Jul,133.6
National Museum Of Singapore,2019 Aug,186.6
National Museum Of Singapore,2019 Sep,69.2
National Museum Of Singapore,2019 Oct,81.7
National Museum Of Singapore,2019 Nov,64.4
National Museum Of Singapore,2019 Dec,65.7
Singapore Art Museum,2018 Jan,29.5
Singapore Art Museum,2018 Feb,21.9
Singapore Art Museum,2018 Mar,59.4
Singapore Art Museum,2018 Apr,50
Singapore Art Museum,2018 May,31.7
Singapore Art Museum,2018 Jun,41.7
Singapore Art Museum,2018 Jul,43.9
Singapore Art Museum,2018 Aug,84.7
Singapore Art Museum,2018 Sep,16.2
Singapore Art Museum,2018 Oct,29.9
Singapore Art Museum,2018 Nov,37.4
Singapore Art Museum,2018 Dec,73.3
Singapore Art Museum,2019 Jan,87.6
Singapore Art Museum,2019 Feb,50.6
Singapore Art Museum,2019 Mar,56.7
Singapore Art Museum,2019 Apr,40.8
Singapore Art Museum,2019 May,36
Singapore Art Museum,2019 Jun,39
Singapore Art Museum,2019 Jul,187.1
Singapore Art Museum,2019 Aug,46.3
Singapore Art Museum,2019 Sep,56.7
Singapore Art Museum,2019 Oct,3.5
Singapore Art Museum,2019 Nov,54.9
Singapore Art Museum,2019 Dec,131.9
Peranakan Museum,2018 Jan,15
Peranakan Museum,2018 Feb,15.9
Peranakan Museum,2018 Mar,18.7
Peranakan Museum,2018 Apr,19.9
Peranakan Museum,2018 May,16.2
Peranakan Museum,2018 Jun,15.6
Peranakan Museum,2018 Jul,18.5
Peranakan Museum,2018 Aug,38.4
Peranakan Museum,2018 Sep,14.4
Peranakan Museum,2018 Oct,14.6
Peranakan Museum,2018 Nov,13.6
Peranakan Museum,2018 Dec,12.5
Peranakan Museum,2019 Jan,15.1
Peranakan Museum,2019 Feb,14.7
Peranakan Museum,2019 Mar,29.8
Peranakan Museum,2019 Apr,0
Peranakan Museum,2019 May,0
Peranakan Museum,2019 Jun,0
Peranakan Museum,2019 Jul,0
Peranakan Museum,2019 Aug,0
Peranakan Museum,2019 Sep,0
Peranakan Museum,2019 Oct,0
Peranakan Museum,2019 Nov,0
Peranakan Museum,2019 Dec,0
Science Centre Singapore,2018 Jan,57.6
Science Centre Singapore,2018 Feb,77.7
Science Centre Singapore,2018 Mar,65.7
Science Centre Singapore,2018 Apr,49
Science Centre Singapore,2018 May,68.7
Science Centre Singapore,2018 Jun,78
Science Centre Singapore,2018 Jul,97.6
Science Centre Singapore,2018 Aug,97.2
Science Centre Singapore,2018 Sep,69.7
Science Centre Singapore,2018 Oct,68.1
Science Centre Singapore,2018 Nov,63.3
Science Centre Singapore,2018 Dec,70.5
Science Centre Singapore,2019 Jan,71.4
Science Centre Singapore,2019 Feb,66.7
Science Centre Singapore,2019 Mar,88.5
Science Centre Singapore,2019 Apr,63.4
Science Centre Singapore,2019 May,73.8
Science Centre Singapore,2019 Jun,108.4
Science Centre Singapore,2019 Jul,129.1
Science Centre Singapore,2019 Aug,125
Science Centre Singapore,2019 Sep,96.3
Science Centre Singapore,2019 Oct,77
Science Centre Singapore,2019 Nov,59.8
Science Centre Singapore,2019 Dec,68.2
Night Safari,2018 Jan,103.5
Night Safari,2018 Feb,114.4
Night Safari,2018 Mar,109.6
Night Safari,2018 Apr,98.3
Night Safari,2018 May,112.4
Night Safari,2018 Jun,114.2
Night Safari,2018 Jul,141.1
Night Safari,2018 Aug,156
Night Safari,2018 Sep,86.7
Night Safari,2018 Oct,96.2
Night Safari,2018 Nov,87.4
Night Safari,2018 Dec,109.6
Night Safari,2019 Jan,110.5
Night Safari,2019 Feb,113
Night Safari,2019 Mar,96.4
Night Safari,2019 Apr,101.9
Night Safari,2019 May,111
Night Safari,2019 Jun,115.9
Night Safari,2019 Jul,141.1
Night Safari,2019 Aug,158.3
Night Safari,2019 Sep,83.2
Night Safari,2019 Oct,99.2
Night Safari,2019 Nov,81.4
Night Safari,2019 Dec,106.2
River Wonders,2018 Jan,67.5
River Wonders,2018 Feb,71.8
River Wonders,2018 Mar,74.9
River Wonders,2018 Apr,71.4
River Wonders,2018 May,76.6
River Wonders,2018 Jun,83.4
River Wonders,2018 Jul,93.5
River Wonders,2018 Aug,105.4
River Wonders,2018 Sep,74.4
River Wonders,2018 Oct,75
River Wonders,2018 Nov,65.5
River Wonders,2018 Dec,98.9
River Wonders,2019 Jan,70.5
River Wonders,2019 Feb,81.2
River Wonders,2019 Mar,71.1
River Wonders,2019 Apr,74.4
River Wonders,2019 May,75
River Wonders,2019 Jun,85.8
River Wonders,2019 Jul,89.8
River Wonders,2019 Aug,108.1
River Wonders,2019 Sep,64.1
River Wonders,2019 Oct,82
River Wonders,2019 Nov,65.9
River Wonders,2019 Dec,93.9
Singapore Zoological Gardens,2018 Jan,137.8
Singapore Zoological Gardens,2018 Feb,163.1
Singapore Zoological Gardens,2018 Mar,158.8
Singapore Zoological Gardens,2018 Apr,153
Singapore Zoological Gardens,2018 May,149.5
Singapore Zoological Gardens,2018 Jun,167.7
Singapore Zoological Gardens,2018 Jul,247.7
Singapore Zoological Gardens,2018 Aug,245.5
Singapore Zoological Gardens,2018 Sep,159.7
Singapore Zoological Gardens,2018 Oct,158.4
Singapore Zoological Gardens,2018 Nov,144.5
Singapore Zoological Gardens,2018 Dec,223.4
Singapore Zoological Gardens,2019 Jan,148.8
Singapore Zoological Gardens,2019 Feb,184.4
Singapore Zoological Gardens,2019 Mar,149.6
Singapore Zoological Gardens,2019 Apr,155.4
Singapore Zoological Gardens,2019 May,145.1
Singapore Zoological Gardens,2019 Jun,181.7
Singapore Zoological Gardens,2019 Jul,217.3
Singapore Zoological Gardens,2019 Aug,250.4
Singapore Zoological Gardens,2019 Sep,146.4
Singapore Zoological Gardens,2019 Oct,164
Singapore Zoological Gardens,2019 Nov,132.2
Singapore Zoological Gardens,2019 Dec,192.4
Jurong Lake Gardens,2018 Jan,42.6
Jurong Lake Gardens,2018 Feb,53.4
Jurong Lake Gardens,2018 Mar,47.9
Jurong Lake Gardens,2018 Apr,58.2
Jurong Lake Gardens,2018 May,52.9
Jurong Lake Gardens,2018 Jun,68.5
Jurong Lake Gardens,2018 Jul,44.7
Jurong Lake Gardens,2018 Aug,53.7
Jurong Lake Gardens,2018 Sep,54.6
Jurong Lake Gardens,2018 Oct,56.3
Jurong Lake Gardens,2018 Nov,59.5
Jurong Lake Gardens,2018 Dec,66.9
Jurong Lake Gardens,2019 Jan,56.9
Jurong Lake Gardens,2019 Feb,65.2
Jurong Lake Gardens,2019 Mar,67.8
Jurong Lake Gardens,2019 Apr,86
Jurong Lake Gardens,2019 May,133.2
Jurong Lake Gardens,2019 Jun,0
Jurong Lake Gardens,2019 Jul,0
Jurong Lake Gardens,2019 Aug,0
Jurong Lake Gardens,2019 Sep,0
Jurong Lake Gardens,2019 Oct,0
Jurong Lake Gardens,2019 Nov,0
Jurong Lake Gardens,2019 Dec,0
Sun Yat Sen Nanyang Memorial Hall,2018 Jan,13
Sun Yat Sen Nanyang Memorial Hall,2018 Feb,33
Sun Yat Sen Nanyang Memorial Hall,2018 Mar,16.9
Sun Yat Sen Nanyang Memorial Hall,2018 Apr,15.7
Sun Yat Sen Nanyang Memorial Hall,2018 May,14.3
Sun Yat Sen Nanyang Memorial Hall,2018 Jun,20.8
Sun Yat Sen Nanyang Memorial Hall,2018 Jul,10.6
Sun Yat Sen Nanyang Memorial Hall,2018 Aug,13.3
Sun Yat Sen Nanyang Memorial Hall,2018 Sep,35.6
Sun Yat Sen Nanyang Memorial Hall,2018 Oct,14.6
Sun Yat Sen Nanyang Memorial Hall,2018 Nov,18
Sun Yat Sen Nanyang Memorial Hall,2018 Dec,8
Sun Yat Sen Nanyang Memorial Hall,2019 Jan,17.4
Sun Yat Sen Nanyang Memorial Hall,2019 Feb,25.7
Sun Yat Sen Nanyang Memorial Hall,2019 Mar,12.6
Sun Yat Sen Nanyang Memorial Hall,2019 Apr,12.6
Sun Yat Sen Nanyang Memorial Hall,2019 May,12.3
Sun Yat Sen Nanyang Memorial Hall,2019 Jun,22.8
Sun Yat Sen Nanyang Memorial Hall,2019 Jul,14.3
Sun Yat Sen Nanyang Memorial Hall,2019 Aug,26.4
Sun Yat Sen Nanyang Memorial Hall,2019 Sep,28.2
Sun Yat Sen Nanyang Memorial Hall,2019 Oct,13.9
Sun Yat Sen Nanyang Memorial Hall,2019 Nov,20.9
Sun Yat Sen Nanyang Memorial Hall,2019 Dec,12.3
Indian Heritage Centre,2018 Jan,21
Indian Heritage Centre,2018 Feb,12.2
Indian Heritage Centre,2018 Mar,15.6
Indian Heritage Centre,2018 Apr,17.4
Indian Heritage Centre,2018 May,13.5
Indian Heritage Centre,2018 Jun,16.2
Indian Heritage Centre,2018 Jul,22.3
Indian Heritage Centre,2018 Aug,16.7
Indian Heritage Centre,2018 Sep,19.6
Indian Heritage Centre,2018 Oct,30.7
Indian Heritage Centre,2018 Nov,23.9
Indian Heritage Centre,2018 Dec,12
Indian Heritage Centre,2019 Jan,27.3
Indian Heritage Centre,2019 Feb,13.8
Indian Heritage Centre,2019 Mar,22.9
Indian Heritage Centre,2019 Apr,17.5
Indian Heritage Centre,2019 May,15.2
Indian Heritage Centre,2019 Jun,18.8
Indian Heritage Centre,2019 Jul,18.8
Indian Heritage Centre,2019 Aug,16.7
Indian Heritage Centre,2019 Sep,13.7
Indian Heritage Centre,2019 Oct,34.1
Indian Heritage Centre,2019 Nov,22.8
Indian Heritage Centre,2019 Dec,14.4
Malay Heritage Centre,2018 Jan,59.4
Malay Heritage Centre,2018 Feb,65.7
Malay Heritage Centre,2018 Mar,61.6
Malay Heritage Centre,2018 Apr,53
Malay Heritage Centre,2018 May,59.2
Malay Heritage Centre,2018 Jun,79.7
Malay Heritage Centre,2018 Jul,69.9
Malay Heritage Centre,2018 Aug,67.7
Malay Heritage Centre,2018 Sep,50.6
Malay Heritage Centre,2018 Oct,53.8
Malay Heritage Centre,2018 Nov,58.5
Malay Heritage Centre,2018 Dec,49.7
Malay Heritage Centre,2019 Jan,69.8
Malay Heritage Centre,2019 Feb,63
Malay Heritage Centre,2019 Mar,66.7
Malay Heritage Centre,2019 Apr,54.4
Malay Heritage Centre,2019 May,81
Malay Heritage Centre,2019 Jun,55.9
Malay Heritage Centre,2019 Jul,78
Malay Heritage Centre,2019 Aug,70
Malay Heritage Centre,2019 Sep,40.4
Malay Heritage Centre,2019 Oct,65.3
Malay Heritage Centre,2019 Nov,58.5
Malay Heritage Centre,2019 Dec,58.4
Asian Civilisations Museum,2020 Jan,45.9
Asian Civilisations Museum,2020 Feb,28.9
Asian Civilisations Museum,2020 Mar,14.8
Asian Civilisations Museum,2020 Apr,1.4
Asian Civilisations Museum,2020 May,0
Asian Civilisations Museum,2020 Jun,1.9
Asian Civilisations Museum,2020 Jul,10
Asian Civilisations Museum,2020 Aug,12.8
Asian Civilisations Museum,2020 Sep,12
Asian Civilisations Museum,2020 Oct,13.9
Asian Civilisations Museum,2020 Nov,17.8
Asian Civilisations Museum,2020 Dec,23.1
Asian Civilisations Museum,2021 Jan,19.4
Asian Civilisations Museum,2021 Feb,17.9
Asian Civilisations Museum,2021 Mar,23
Asian Civilisations Museum,2021 Apr,21.1
Asian Civilisations Museum,2021 May,15.3
Asian Civilisations Museum,2021 Jun,11.4
Asian Civilisations Museum,2021 Jul,15.8
Asian Civilisations Museum,2021 Aug,15.7
Asian Civilisations Museum,2021 Sep,17.8
Asian Civilisations Museum,2021 Oct,14.4
Asian Civilisations Museum,2021 Nov,15.2
Asian Civilisations Museum,2021 Dec,20.1
National Museum Of Singapore,2020 Jan,73.4
National Museum Of Singapore,2020 Feb,42.3
National Museum Of Singapore,2020 Mar,31.9
National Museum Of Singapore,2020 Apr,2.2
National Museum Of Singapore,2020 May,0
National Museum Of Singapore,2020 Jun,3.9
National Museum Of Singapore,2020 Jul,28.6
National Museum Of Singapore,2020 Aug,31.6
National Museum Of Singapore,2020 Sep,19.7
National Museum Of Singapore,2020 Oct,28.6
National Museum Of Singapore,2020 Nov,84.3
National Museum Of Singapore,2020 Dec,84.4
National Museum Of Singapore,2021 Jan,22.9
National Museum Of Singapore,2021 Feb,21.5
National Museum Of Singapore,2021 Mar,32
National Museum Of Singapore,2021 Apr,27.2
National Museum Of Singapore,2021 May,21.8
National Museum Of Singapore,2021 Jun,20.5
National Museum Of Singapore,2021 Jul,24.7
National Museum Of Singapore,2021 Aug,27.2
National Museum Of Singapore,2021 Sep,25.7
National Museum Of Singapore,2021 Oct,24.6
National Museum Of Singapore,2021 Nov,30
National Museum Of Singapore,2021 Dec,56.3
Singapore Art Museum,2020 Jan,148.8
Singapore Art Museum,2020 Feb,97.9
Singapore Art Museum,2020 Mar,54.5
Singapore Art Museum,2020 Apr,0
Singapore Art Museum,2020 May,2.8
Singapore Art Museum,2020 Jun,17.2
Singapore Art Museum,2020 Jul,7.4
Singapore Art Museum,2020 Aug,0
Singapore Art Museum,2020 Sep,15.2
Singapore Art Museum,2020 Oct,15.3
Singapore Art Museum,2020 Nov,15
Singapore Art Museum,2020 Dec,27.9
Singapore Art Museum,2021 Jan,59.1
Singapore Art Museum,2021 Feb,179.4
Singapore Art Museum,2021 Mar,152.2
Singapore Art Museum,2021 Apr,60.8
Singapore Art Museum,2021 May,9.3
Singapore Art Museum,2021 Jun,17.7
Singapore Art Museum,2021 Jul,18.9
Singapore Art Museum,2021 Aug,20.8
Singapore Art Museum,2021 Sep,28.6
Singapore Art Museum,2021 Oct,28.9
Singapore Art Museum,2021 Nov,4.1
Singapore Art Museum,2021 Dec,16.3
Peranakan Museum,2020 Jan,0
Peranakan Museum,2020 Feb,0
Peranakan Museum,2020 Mar,0
Peranakan Museum,2020 Apr,0
Peranakan Museum,2020 May,0
Peranakan Museum,2020 Jun,0
Peranakan Museum,2020 Jul,0
Peranakan Museum,2020 Aug,0
Peranakan Museum,2020 Sep,0
Peranakan Museum,2020 Oct,0
Peranakan Museum,2020 Nov,0
Peranakan Museum,2020 Dec,0
Peranakan Museum,2021 Jan,0
Peranakan Museum,2021 Feb,0
Peranakan Museum,2021 Mar,0
Peranakan Museum,2021 Apr,0
Peranakan Museum,2021 May,0
Peranakan Museum,2021 Jun,0
Peranakan Museum,2021 Jul,0
Peranakan Museum,2021 Aug,0
Peranakan Museum,2021 Sep,0
Peranakan Museum,2021 Oct,0
Peranakan Museum,2021 Nov,0
Peranakan Museum,2021 Dec,0
Science Centre Singapore,2020 Jan,65.3
Science Centre Singapore,2020 Feb,31.5
Science Centre Singapore,2020 Mar,18.8
Science Centre Singapore,2020 Apr,1.9
Science Centre Singapore,2020 May,0
Science Centre Singapore,2020 Jun,0
Science Centre Singapore,2020 Jul,6.3
Science Centre Singapore,2020 Aug,10.5
Science Centre Singapore,2020 Sep,19.3
Science Centre Singapore,2020 Oct,11.6
Science Centre Singapore,2020 Nov,21.3
Science Centre Singapore,2020 Dec,56.6
Science Centre Singapore,2021 Jan,15.4
Science Centre Singapore,2021 Feb,9.7
Science Centre Singapore,2021 Mar,21.3
Science Centre Singapore,2021 Apr,16
Science Centre Singapore,2021 May,7.8
Science Centre Singapore,2021 Jun,14.1
Science Centre Singapore,2021 Jul,15.6
Science Centre Singapore,2021 Aug,11.6
Science Centre Singapore,2021 Sep,22.5
Science Centre Singapore,2021 Oct,14.3
Science Centre Singapore,2021 Nov,24.6
Science Centre Singapore,2021 Dec,63.4
Night Safari,2020 Jan,112.3
Night Safari,2020 Feb,42.7
Night Safari,2020 Mar,23.8
Night Safari,2020 Apr,1
Night Safari,2020 May,0
Night Safari,2020 Jun,0
Night Safari,2020 Jul,2.4
Night Safari,2020 Aug,21.8
Night Safari,2020 Sep,20.8
Night Safari,2020 Oct,28.8
Night Safari,2020 Nov,25.1
Night Safari,2020 Dec,64.4
Night Safari,2021 Jan,22.4
Night Safari,2021 Feb,21.7
Night Safari,2021 Mar,46.4
Night Safari,2021 Apr,27.8
Night Safari,2021 May,16.2
Night Safari,2021 Jun,21.9
Night Safari,2021 Jul,19.3
Night Safari,2021 Aug,16.2
Night Safari,2021 Sep,21.7
Night Safari,2021 Oct,18.9
Night Safari,2021 Nov,19
Night Safari,2021 Dec,48.2
River Wonders,2020 Jan,75
River Wonders,2020 Feb,23.7
River Wonders,2020 Mar,30.1
River Wonders,2020 Apr,1.5
River Wonders,2020 May,0
River Wonders,2020 Jun,0
River Wonders,2020 Jul,32.1
River Wonders,2020 Aug,39
River Wonders,2020 Sep,64.7
River Wonders,2020 Oct,61.7
River Wonders,2020 Nov,60.6
River Wonders,2020 Dec,119.7
River Wonders,2021 Jan,41
River Wonders,2021 Feb,42.2
River Wonders,2021 Mar,77.2
River Wonders,2021 Apr,47.7
River Wonders,2021 May,31.3
River Wonders,2021 Jun,42.5
River Wonders,2021 Jul,35.9
River Wonders,2021 Aug,37.5
River Wonders,2021 Sep,50.4
River Wonders,2021 Oct,40.5
River Wonders,2021 Nov,47
River Wonders,2021 Dec,96.8
Singapore Zoological Gardens,2020 Jan,170.7
Singapore Zoological Gardens,2020 Feb,49.5
Singapore Zoological Gardens,2020 Mar,64.4
Singapore Zoological Gardens,2020 Apr,3.6
Singapore Zoological Gardens,2020 May,0
Singapore Zoological Gardens,2020 Jun,0
Singapore Zoological Gardens,2020 Jul,67.7
Singapore Zoological Gardens,2020 Aug,77.6
Singapore Zoological Gardens,2020 Sep,92.3
Singapore Zoological Gardens,2020 Oct,100.2
Singapore Zoological Gardens,2020 Nov,87.8
Singapore Zoological Gardens,2020 Dec,169.2
Singapore Zoological Gardens,2021 Jan,54.7
Singapore Zoological Gardens,2021 Feb,67.2
Singapore Zoological Gardens,2021 Mar,115.1
Singapore Zoological Gardens,2021 Apr,64.1
Singapore Zoological Gardens,2021 May,44.9
Singapore Zoological Gardens,2021 Jun,65
Singapore Zoological Gardens,2021 Jul,77.4
Singapore Zoological Gardens,2021 Aug,67.8
Singapore Zoological Gardens,2021 Sep,90.8
Singapore Zoological Gardens,2021 Oct,64.5
Singapore Zoological Gardens,2021 Nov,70.6
Singapore Zoological Gardens,2021 Dec,147.8
Jurong Lake Gardens,2020 Jan,0
Jurong Lake Gardens,2020 Feb,0
Jurong Lake Gardens,2020 Mar,0
Jurong Lake Gardens,2020 Apr,0
Jurong Lake Gardens,2020 May,0
Jurong Lake Gardens,2020 Jun,0
Jurong Lake Gardens,2020 Jul,0
Jurong Lake Gardens,2020 Aug,0
Jurong Lake Gardens,2020 Sep,0
Jurong Lake Gardens,2020 Oct,0
Jurong Lake Gardens,2020 Nov,0
Jurong Lake Gardens,2020 Dec,0
Jurong Lake Gardens,2021 Jan,0
Jurong Lake Gardens,2021 Feb,0
Jurong Lake Gardens,2021 Mar,0
Jurong Lake Gardens,2021 Apr,0
Jurong Lake Gardens,2021 May,0
Jurong Lake Gardens,2021 Jun,0
Jurong Lake Gardens,2021 Jul,0
Jurong Lake Gardens,2021 Aug,0
Jurong Lake Gardens,2021 Sep,0
Jurong Lake Gardens,2021 Oct,0
Jurong Lake Gardens,2021 Nov,0
Jurong Lake Gardens,2021 Dec,0
Sun Yat Sen Nanyang Memorial Hall,2020 Jan,28.9
Sun Yat Sen Nanyang Memorial Hall,2020 Feb,23.3
Sun Yat Sen Nanyang Memorial Hall,2020 Mar,5.8
Sun Yat Sen Nanyang Memorial Hall,2020 Apr,1.2
Sun Yat Sen Nanyang Memorial Hall,2020 May,0
Sun Yat Sen Nanyang Memorial Hall,2020 Jun,0
Sun Yat Sen Nanyang Memorial Hall,2020 Jul,5.2
Sun Yat Sen Nanyang Memorial Hall,2020 Aug,7.1
Sun Yat Sen Nanyang Memorial Hall,2020 Sep,10.4
Sun Yat Sen Nanyang Memorial Hall,2020 Oct,12.7
Sun Yat Sen Nanyang Memorial Hall,2020 Nov,6.2
Sun Yat Sen Nanyang Memorial Hall,2020 Dec,9.4
Sun Yat Sen Nanyang Memorial Hall,2021 Jan,13
Sun Yat Sen Nanyang Memorial Hall,2021 Feb,20.4
Sun Yat Sen Nanyang Memorial Hall,2021 Mar,9.7
Sun Yat Sen Nanyang Memorial Hall,2021 Apr,7.6
Sun Yat Sen Nanyang Memorial Hall,2021 May,6.2
Sun Yat Sen Nanyang Memorial Hall,2021 Jun,7.7
Sun Yat Sen Nanyang Memorial Hall,2021 Jul,7.9
Sun Yat Sen Nanyang Memorial Hall,2021 Aug,6.5
Sun Yat Sen Nanyang Memorial Hall,2021 Sep,31.1
Sun Yat Sen Nanyang Memorial Hall,2021 Oct,5.8
Sun Yat Sen Nanyang Memorial Hall,2021 Nov,7.8
Sun Yat Sen Nanyang Memorial Hall,2021 Dec,8.8
Indian Heritage Centre,2020 Jan,25.7
Indian Heritage Centre,2020 Feb,7.3
Indian Heritage Centre,2020 Mar,5.5
Indian Heritage Centre,2020 Apr,0.8
Indian Heritage Centre,2020 May,0
Indian Heritage Centre,2020 Jun,0
Indian Heritage Centre,2020 Jul,1.7
Indian Heritage Centre,2020 Aug,2.3
Indian Heritage Centre,2020 Sep,2.3
Indian Heritage Centre,2020 Oct,2.8
Indian Heritage Centre,2020 Nov,3.4
Indian Heritage Centre,2020 Dec,2.5
Indian Heritage Centre,2021 Jan,8
Indian Heritage Centre,2021 Feb,4.4
Indian Heritage Centre,2021 Mar,9.4
Indian Heritage Centre,2021 Apr,9.4
Indian Heritage Centre,2021 May,3.2
Indian Heritage Centre,2021 Jun,2.1
Indian Heritage Centre,2021 Jul,2.6
Indian Heritage Centre,2021 Aug,2.4
Indian Heritage Centre,2021 Sep,2.9
Indian Heritage Centre,2021 Oct,4.5
Indian Heritage Centre,2021 Nov,3
Indian Heritage Centre,2021 Dec,3.1
Malay Heritage Centre,2020 Jan,66.4
Malay Heritage Centre,2020 Feb,38.8
Malay Heritage Centre,2020 Mar,8
Malay Heritage Centre,2020 Apr,0.7
Malay Heritage Centre,2020 May,0
Malay Heritage Centre,2020 Jun,0
Malay Heritage Centre,2020 Jul,2.4
Malay Heritage Centre,2020 Aug,3.2
Malay Heritage Centre,2020 Sep,3.4
Malay Heritage Centre,2020 Oct,4.7
Malay Heritage Centre,2020 Nov,6.5
Malay Heritage Centre,2020 Dec,10.9
Malay Heritage Centre,2021 Jan,7
Malay Heritage Centre,2021 Feb,8
Malay Heritage Centre,2021 Mar,12.7
Malay Heritage Centre,2021 Apr,9.5
Malay Heritage Centre,2021 May,6.8
Malay Heritage Centre,2021 Jun,4.5
Malay Heritage Centre,2021 Jul,6.7
Malay Heritage Centre,2021 Aug,4.5
Malay Heritage Centre,2021 Sep,4.9
Malay Heritage Centre,2021 Oct,5.2
Malay Heritage Centre,2021 Nov,7.5
Malay Heritage Centre,2021 Dec,10
Asian Civilisations Museum,2022 Jan,18.8
Asian Civilisations Museum,2022 Feb,14.4
Asian Civilisations Museum,2022 Mar,17.1
Asian Civilisations Museum,2022 Apr,19.3
Asian Civilisations Museum,2022 May,23.6
Asian Civilisations Museum,2022 Jun,30
Asian Civilisations Museum,2022 Jul,31.9
Asian Civilisations Museum,2022 Aug,31.9
Asian Civilisations Museum,2022 Sep,32.4
Asian Civilisations Museum,2022 Oct,39.1
Asian Civilisations Museum,2022 Nov,32.7
Asian Civilisations Museum,2022 Dec,27.1
Asian Civilisations Museum,2023 Jan,33.4
Asian Civilisations Museum,2023 Feb,31.4
Asian Civilisations Museum,2023 Mar,40
Asian Civilisations Museum,2023 Apr,31.4
Asian Civilisations Museum,2023 May,38.5
Asian Civilisations Museum,2023 Jun,33.5
Asian Civilisations Museum,2023 Jul,43.7
Asian Civilisations Museum,2023 Aug,39
Asian Civilisations Museum,2023 Sep,32.1
Asian Civilisations Museum,2023 Oct,33.1
Asian Civilisations Museum,2023 Nov,35.1
Asian Civilisations Museum,2023 Dec,25.9
National Museum Of Singapore,2022 Jan,31.7
National Museum Of Singapore,2022 Feb,36
National Museum Of Singapore,2022 Mar,43.9
National Museum Of Singapore,2022 Apr,36.7
National Museum Of Singapore,2022 May,51.8
National Museum Of Singapore,2022 Jun,84.5
National Museum Of Singapore,2022 Jul,84.2
National Museum Of Singapore,2022 Aug,100.4
National Museum Of Singapore,2022 Sep,62.8
National Museum Of Singapore,2022 Oct,82.2
National Museum Of Singapore,2022 Nov,73
National Museum Of Singapore,2022 Dec,72.5
National Museum Of Singapore,2023 Jan,71.3
National Museum Of Singapore,2023 Feb,65.7
National Museum Of Singapore,2023 Mar,67.8
National Museum Of Singapore,2023 Apr,70.1
National Museum Of Singapore,2023 May,91.2
National Museum Of Singapore,2023 Jun,106.5
National Museum Of Singapore,2023 Jul,107.8
National Museum Of Singapore,2023 Aug,150.4
National Museum Of Singapore,2023 Sep,75.9
National Museum Of Singapore,2023 Oct,79.3
National Museum Of Singapore,2023 Nov,68
National Museum Of Singapore,2023 Dec,66.7
Singapore Art Museum,2022 Jan,39.5
Singapore Art Museum,2022 Feb,25.5
Singapore Art Museum,2022 Mar,36
Singapore Art Museum,2022 Apr,26.1
Singapore Art Museum,2022 May,27.1
Singapore Art Museum,2022 Jun,28.3
Singapore Art Museum,2022 Jul,25.4
Singapore Art Museum,2022 Aug,44.8
Singapore Art Museum,2022 Sep,182.7
Singapore Art Museum,2022 Oct,55.6
Singapore Art Museum,2022 Nov,92.6
Singapore Art Museum,2022 Dec,94.4
Singapore Art Museum,2023 Jan,114
Singapore Art Museum,2023 Feb,76.5
Singapore Art Museum,2023 Mar,73.8
Singapore Art Museum,2023 Apr,64.1
Singapore Art Museum,2023 May,57.8
Singapore Art Museum,2023 Jun,66.1
Singapore Art Museum,2023 Jul,64.3
Singapore Art Museum,2023 Aug,66
Singapore Art Museum,2023 Sep,277.9
Singapore Art Museum,2023 Oct,63.8
Singapore Art Museum,2023 Nov,135.5
Singapore Art Museum,2023 Dec,62.9
Peranakan Museum,2022 Jan,0
Peranakan Museum,2022 Feb,0
Peranakan Museum,2022 Mar,0
Peranakan Museum,2022 Apr,0
Peranakan Museum,2022 May,0
Peranakan Museum,2022 Jun,0
Peranakan Museum,2022 Jul,0
Peranakan Museum,2022 Aug,0
Peranakan Museum,2022 Sep,0
Peranakan Museum,2022 Oct,0
Peranakan Museum,2022 Nov,0
Peranakan Museum,2022 Dec,0
Peranakan Museum,2023 Jan,0
Peranakan Museum,2023 Feb,18.8
Peranakan Museum,2023 Mar,16.3
Peranakan Museum,2023 Apr,14.2
Peranakan Museum,2023 May,16.1
Peranakan Museum,2023 Jun,16.2
Peranakan Museum,2023 Jul,13.1
Peranakan Museum,2023 Aug,28.5
Peranakan Museum,2023 Sep,10.2
Peranakan Museum,2023 Oct,10.8
Peranakan Museum,2023 Nov,10.3
Peranakan Museum,2023 Dec,9.9
Science Centre Singapore,2022 Jan,21.5
Science Centre Singapore,2022 Feb,16.5
Science Centre Singapore,2022 Mar,32.8
Science Centre Singapore,2022 Apr,29.1
Science Centre Singapore,2022 May,38.8
Science Centre Singapore,2022 Jun,64.1
Science Centre Singapore,2022 Jul,32.5
Science Centre Singapore,2022 Aug,25.6
Science Centre Singapore,2022 Sep,35.3
Science Centre Singapore,2022 Oct,33.9
Science Centre Singapore,2022 Nov,29.8
Science Centre Singapore,2022 Dec,49.7
Science Centre Singapore,2023 Jan,25
Science Centre Singapore,2023 Feb,18.5
Science Centre Singapore,2023 Mar,36.1
Science Centre Singapore,2023 Apr,37.2
Science Centre Singapore,2023 May,31.8
Science Centre Singapore,2023 Jun,57.2
Science Centre Singapore,2023 Jul,58.2
Science Centre Singapore,2023 Aug,51.7
Science Centre Singapore,2023 Sep,31
Science Centre Singapore,2023 Oct,32.3
Science Centre Singapore,2023 Nov,32.5
Science Centre Singapore,2023 Dec,48.8
Mandai Bird Paradise,2023 Apr,13.3
Mandai Bird Paradise,2023 May,105
Mandai Bird Paradise,2023 Jun,121.5
Mandai Bird Paradise,2023 Jul,91.2
Mandai Bird Paradise,2023 Aug,89.4
Mandai Bird Paradise,2023 Sep,84.6
Mandai Bird Paradise,2023 Oct,77.5
Mandai Bird Paradise,2023 Nov,95.8
Mandai Bird Paradise,2023 Dec,102.8
Night Safari,2022 Jan,24.4
Night Safari,2022 Feb,18.9
Night Safari,2022 Mar,29.5
Night Safari,2022 Apr,29.9
Night Safari,2022 May,40.3
Night Safari,2022 Jun,54.6
Night Safari,2022 Jul,59.1
Night Safari,2022 Aug,52.7
Night Safari,2022 Sep,52.2
Night Safari,2022 Oct,56.9
Night Safari,2022 Nov,44.9
Night Safari,2022 Dec,70.8
Night Safari,2023 Jan,56.2
Night Safari,2023 Feb,49.2
Night Safari,2023 Mar,58.1
Night Safari,2023 Apr,73.7
Night Safari,2023 May,71.7
Night Safari,2023 Jun,76.9
Night Safari,2023 Jul,115.8
Night Safari,2023 Aug,119.2
Night Safari,2023 Sep,63.8
Night Safari,2023 Oct,74.1
Night Safari,2023 Nov,55.1
Night Safari,2023 Dec,73.5
River Wonders,2022 Jan,56.6
River Wonders,2022 Feb,48.1
River Wonders,2022 Mar,63.4
River Wonders,2022 Apr,52.8
River Wonders,2022 May,67.7
River Wonders,2022 Jun,76.7
River Wonders,2022 Jul,65.5
River Wonders,2022 Aug,63.8
River Wonders,2022 Sep,60.7
River Wonders,2022 Oct,60.4
River Wonders,2022 Nov,57.4
River Wonders,2022 Dec,79.6
River Wonders,2023 Jan,57.6
River Wonders,2023 Feb,47.7
River Wonders,2023 Mar,66.6
River Wonders,2023 Apr,69.9
River Wonders,2023 May,49.3
River Wonders,2023 Jun,77.2
River Wonders,2023 Jul,104.3
River Wonders,2023 Aug,107.8
River Wonders,2023 Sep,70.8
River Wonders,2023 Oct,90.7
River Wonders,2023 Nov,73
River Wonders,2023 Dec,81.1
Singapore Zoological Gardens,2022 Jan,73.2
Singapore Zoological Gardens,2022 Feb,65.8
Singapore Zoological Gardens,2022 Mar,85.1
Singapore Zoological Gardens,2022 Apr,66.2
Singapore Zoological Gardens,2022 May,92.6
Singapore Zoological Gardens,2022 Jun,105.5
Singapore Zoological Gardens,2022 Jul,101.2
Singapore Zoological Gardens,2022 Aug,88.8
Singapore Zoological Gardens,2022 Sep,94
Singapore Zoological Gardens,2022 Oct,110.8
Singapore Zoological Gardens,2022 Nov,88.1
Singapore Zoological Gardens,2022 Dec,131.1
Singapore Zoological Gardens,2023 Jan,83.9
Singapore Zoological Gardens,2023 Feb,76.2
Singapore Zoological Gardens,2023 Mar,103.6
Singapore Zoological Gardens,2023 Apr,119.1
Singapore Zoological Gardens,2023 May,114.6
Singapore Zoological Gardens,2023 Jun,127.7
Singapore Zoological Gardens,2023 Jul,145.1
Singapore Zoological Gardens,2023 Aug,145.1
Singapore Zoological Gardens,2023 Sep,107.9
Singapore Zoological Gardens,2023 Oct,110.1
Singapore Zoological Gardens,2023 Nov,116.5
Singapore Zoological Gardens,2023 Dec,134.7
Jurong Lake Gardens,2022 Jan,0
Jurong Lake Gardens,2022 Feb,0
Jurong Lake Gardens,2022 Mar,0
Jurong Lake Gardens,2022 Apr,0
Jurong Lake Gardens,2022 May,0
Jurong Lake Gardens,2022 Jun,0
Jurong Lake Gardens,2022 Jul,0
Jurong Lake Gardens,2022 Aug,0
Jurong Lake Gardens,2022 Sep,0
Jurong Lake Gardens,2022 Oct,0
Jurong Lake Gardens,2022 Nov,0
Jurong Lake Gardens,2022 Dec,0
Jurong Lake Gardens,2023 Jan,0
Jurong Lake Gardens,2023 Feb,0
Jurong Lake Gardens,2023 Mar,0
Jurong Lake Gardens,2023 Apr,0
Jurong Lake Gardens,2023 May,0
Jurong Lake Gardens,2023 Jun,0
Jurong Lake Gardens,2023 Jul,0
Jurong Lake Gardens,2023 Aug,0
Jurong Lake Gardens,2023 Sep,0
Jurong Lake Gardens,2023 Oct,0
Jurong Lake Gardens,2023 Nov,0
Jurong Lake Gardens,2023 Dec,0
Sun Yat Sen Nanyang Memorial Hall,2022 Jan,3.3
Sun Yat Sen Nanyang Memorial Hall,2022 Feb,5.2
Sun Yat Sen Nanyang Memorial Hall,2022 Mar,1.9
Sun Yat Sen Nanyang Memorial Hall,2022 Apr,1.9
Sun Yat Sen Nanyang Memorial Hall,2022 May,3.7
Sun Yat Sen Nanyang Memorial Hall,2022 Jun,3.2
Sun Yat Sen Nanyang Memorial Hall,2022 Jul,3.4
Sun Yat Sen Nanyang Memorial Hall,2022 Aug,6
Sun Yat Sen Nanyang Memorial Hall,2022 Sep,12.2
Sun Yat Sen Nanyang Memorial Hall,2022 Oct,3.9
Sun Yat Sen Nanyang Memorial Hall,2022 Nov,2.8
Sun Yat Sen Nanyang Memorial Hall,2022 Dec,2.7
Sun Yat Sen Nanyang Memorial Hall,2023 Jan,8.9
Sun Yat Sen Nanyang Memorial Hall,2023 Feb,5.6
Sun Yat Sen Nanyang Memorial Hall,2023 Mar,3.9
Sun Yat Sen Nanyang Memorial Hall,2023 Apr,5.1
Sun Yat Sen Nanyang Memorial Hall,2023 May,3.3
Sun Yat Sen Nanyang Memorial Hall,2023 Jun,5.1
Sun Yat Sen Nanyang Memorial Hall,2023 Jul,4
Sun Yat Sen Nanyang Memorial Hall,2023 Aug,3.8
Sun Yat Sen Nanyang Memorial Hall,2023 Sep,10.5
Sun Yat Sen Nanyang Memorial Hall,2023 Oct,5.2
Sun Yat Sen Nanyang Memorial Hall,2023 Nov,3.2
Sun Yat Sen Nanyang Memorial Hall,2023 Dec,2.8
Indian Heritage Centre,2022 Jan,7.1
Indian Heritage Centre,2022 Feb,2.5
Indian Heritage Centre,2022 Mar,3.7
Indian Heritage Centre,2022 Apr,5.1
Indian Heritage Centre,2022 May,8.5
Indian Heritage Centre,2022 Jun,7.3
Indian Heritage Centre,2022 Jul,10.6
Indian Heritage Centre,2022 Aug,9.3
Indian Heritage Centre,2022 Sep,11.6
Indian Heritage Centre,2022 Oct,32.6
Indian Heritage Centre,2022 Nov,9.9
Indian Heritage Centre,2022 Dec,6.1
Indian Heritage Centre,2023 Jan,21.2
Indian Heritage Centre,2023 Feb,11.5
Indian Heritage Centre,2023 Mar,14.9
Indian Heritage Centre,2023 Apr,19
Indian Heritage Centre,2023 May,17.4
Indian Heritage Centre,2023 Jun,13.6
Indian Heritage Centre,2023 Jul,19.9
Indian Heritage Centre,2023 Aug,16.8
Indian Heritage Centre,2023 Sep,11.5
Indian Heritage Centre,2023 Oct,25.2
Indian Heritage Centre,2023 Nov,27.2
Indian Heritage Centre,2023 Dec,7.7
Malay Heritage Centre,2022 Jan,9.1
Malay Heritage Centre,2022 Feb,6.6
Malay Heritage Centre,2022 Mar,9.4
Malay Heritage Centre,2022 Apr,17.1
Malay Heritage Centre,2022 May,23.3
Malay Heritage Centre,2022 Jun,21
Malay Heritage Centre,2022 Jul,25.5
Malay Heritage Centre,2022 Aug,25.2
Malay Heritage Centre,2022 Sep,22.8
Malay Heritage Centre,2022 Oct,36.6
Malay Heritage Centre,2022 Nov,0
Malay Heritage Centre,2022 Dec,0
Malay Heritage Centre,2023 Jan,0
Malay Heritage Centre,2023 Feb,0
Malay Heritage Centre,2023 Mar,0
Malay Heritage Centre,2023 Apr,0
Malay Heritage Centre,2023 May,0
Malay Heritage Centre,2023 Jun,0
Malay Heritage Centre,2023 Jul,0
Malay Heritage Centre,2023 Aug,0
Malay Heritage Centre,2023 Sep,0
Malay Heritage Centre,2023 Oct,0
Malay Heritage Centre,2023 Nov,0
Malay Heritage Centre,2023 Dec,0
Children's Museum Singapore,2023 Jan,10.5
Children's Museum Singapore,2023 Feb,16.5
Children's Museum Singapore,2023 Mar,21.6
Children's Museum Singapore,2023 Apr,16.4
Children's Museum Singapore,2023 May,15.6
Children's Museum Singapore,2023 Jun,18.1
Children's Museum Singapore,2023 Jul,16.4
Children's Museum Singapore,2023 Aug,29.6
Children's Museum Singapore,2023 Sep,17.1
Children's Museum Singapore,2023 Oct,17.6
Children's Museum Singapore,2023 Nov,17.7
Children's Museum Singapore,2023 Dec,22.1
Changi Chapel And Museum,2023 Jan,3.4
Changi Chapel And Museum,2023 Feb,5
Changi Chapel And Museum,2023 Mar,4.8
Changi Chapel And Museum,2023 Apr,3.9
Changi Chapel And Museum,2023 May,3.6
Changi Chapel And Museum,2023 Jun,4.2
Changi Chapel And Museum,2023 Jul,4
Changi Chapel And Museum,2023 Aug,4.1
Changi Chapel And Museum,2023 Sep,3.7
Changi Chapel And Museum,2023 Oct,3.6
Changi Chapel And Museum,2023 Nov,3.2
Changi Chapel And Museum,2023 Dec,3.1
Reflections At Bukit Chandu,2023 Jan,2.7
Reflections At Bukit Chandu,2023 Feb,4.1
Reflections At Bukit Chandu,2023 Mar,3.7
Reflections At Bukit Chandu,2023 Apr,3.2
Reflections At Bukit Chandu,2023 May,2.7
Reflections At Bukit Chandu,2023 Jun,2.7
Reflections At Bukit Chandu,2023 Jul,3.2
Reflections At Bukit Chandu,2023 Aug,3.1
Reflections At Bukit Chandu,2023 Sep,2.8
Reflections At Bukit Chandu,2023 Oct,2.7
Reflections At Bukit Chandu,2023 Nov,2.5
Reflections At Bukit Chandu,2023 Dec,2.4
Asian Civilisations Museum,2024 Jan,35.6
Asian Civilisations Museum,2024 Feb,38.8
Asian Civilisations Museum,2024 Mar,37.7
Asian Civilisations Museum,2024 Apr,28.5
Asian Civilisations Museum,2024 May,34.7
Asian Civilisations Museum,2024 Jun,33.1
Asian Civilisations Museum,2024 Jul,39.2
Asian Civilisations Museum,2024 Aug,39.3
Asian Civilisations Museum,2024 Sep,25.7
Asian Civilisations Museum,2024 Oct,36.2
Asian Civilisations Museum,2024 Nov,34.1
Asian Civilisations Museum,2024 Dec,22.7
Asian Civilisations Museum,2025 Jan,38.4
Asian Civilisations Museum,2025 Feb,37.8
Asian Civilisations Museum,2025 Mar,31.9
Asian Civilisations Museum,2025 Apr,32.3
Asian Civilisations Museum,2025 May,49.4
Asian Civilisations Museum,2025 Jun,39.6
Asian Civilisations Museum,2025 Jul,41.3
Asian Civilisations Museum,2025 Aug,40.2
Asian Civilisations Museum,2025 Sep,34.8
Asian Civilisations Museum,2025 Oct,43
Asian Civilisations Museum,2025 Nov,46.4
Asian Civilisations Museum,2025 Dec,29
National Museum Of Singapore,2024 Jan,80.4
National Museum Of Singapore,2024 Feb,99.5
National Museum Of Singapore,2024 Mar,69.6
National Museum Of Singapore,2024 Apr,58.3
National Museum Of Singapore,2024 May,68.2
National Museum Of Singapore,2024 Jun,73.3
National Museum Of Singapore,2024 Jul,139.7
National Museum Of Singapore,2024 Aug,155.7
National Museum Of Singapore,2024 Sep,70
National Museum Of Singapore,2024 Oct,80
National Museum Of Singapore,2024 Nov,59.4
National Museum Of Singapore,2024 Dec,62.7
National Museum Of Singapore,2025 Jan,102.1
National Museum Of Singapore,2025 Feb,74.8
National Museum Of Singapore,2025 Mar,53.9
National Museum Of Singapore,2025 Apr,55
National Museum Of Singapore,2025 May,76.1
National Museum Of Singapore,2025 Jun,65.9
National Museum Of Singapore,2025 Jul,119.1
National Museum Of Singapore,2025 Aug,167.7
National Museum Of Singapore,2025 Sep,83
National Museum Of Singapore,2025 Oct,96.5
National Museum Of Singapore,2025 Nov,65.3
National Museum Of Singapore,2025 Dec,78.9
Singapore Art Museum,2024 Jan,246.6
Singapore Art Museum,2024 Feb,335.9
Singapore Art Museum,2024 Mar,133.6
Singapore Art Museum,2024 Apr,57.4
Singapore Art Museum,2024 May,73.2
Singapore Art Museum,2024 Jun,76
Singapore Art Museum,2024 Jul,80.8
Singapore Art Museum,2024 Aug,80.6
Singapore Art Museum,2024 Sep,256.4
Singapore Art Museum,2024 Oct,75.2
Singapore Art Museum,2024 Nov,63.1
Singapore Art Museum,2024 Dec,57.8
Singapore Art Museum,2025 Jan,67.3
Singapore Art Museum,2025 Feb,67.1
Singapore Art Museum,2025 Mar,83
Singapore Art Museum,2025 Apr,60.9
Singapore Art Museum,2025 May,60.7
Singapore Art Museum,2025 Jun,62.5
Singapore Art Museum,2025 Jul,33.7
Singapore Art Museum,2025 Aug,48.5
Singapore Art Museum,2025 Sep,275.9
Singapore Art Museum,2025 Oct,79
Singapore Art Museum,2025 Nov,168.5
Singapore Art Museum,2025 Dec,144.3
Peranakan Museum,2024 Jan,11.6
Peranakan Museum,2024 Feb,13.3
Peranakan Museum,2024 Mar,18.4
Peranakan Museum,2024 Apr,10.5
Peranakan Museum,2024 May,13.8
Peranakan Museum,2024 Jun,13.7
Peranakan Museum,2024 Jul,15.3
Peranakan Museum,2024 Aug,23.9
Peranakan Museum,2024 Sep,15.5
Peranakan Museum,2024 Oct,11.9
Peranakan Museum,2024 Nov,10.3
Peranakan Museum,2024 Dec,9.1
Peranakan Museum,2025 Jan,11.4
Peranakan Museum,2025 Feb,10.9
Peranakan Museum,2025 Mar,23.8
Peranakan Museum,2025 Apr,18.2
Peranakan Museum,2025 May,16.1
Peranakan Museum,2025 Jun,13.7
Peranakan Museum,2025 Jul,13
Peranakan Museum,2025 Aug,22.8
Peranakan Museum,2025 Sep,12
Peranakan Museum,2025 Oct,10.9
Peranakan Museum,2025 Nov,10.7
Peranakan Museum,2025 Dec,9.9
Science Centre Singapore,2024 Jan,49.9
Science Centre Singapore,2024 Feb,54.3
Science Centre Singapore,2024 Mar,62.8
Science Centre Singapore,2024 Apr,91.5
Science Centre Singapore,2024 May,105.4
Science Centre Singapore,2024 Jun,93
Science Centre Singapore,2024 Jul,103.5
Science Centre Singapore,2024 Aug,92.9
Science Centre Singapore,2024 Sep,64.7
Science Centre Singapore,2024 Oct,72.9
Science Centre Singapore,2024 Nov,101.6
Science Centre Singapore,2024 Dec,70.8
Science Centre Singapore,2025 Jan,77.4
Science Centre Singapore,2025 Feb,67.6
Science Centre Singapore,2025 Mar,75.3
Science Centre Singapore,2025 Apr,106.3
Science Centre Singapore,2025 May,83.5
Science Centre Singapore,2025 Jun,91
Science Centre Singapore,2025 Jul,110.6
Science Centre Singapore,2025 Aug,127.9
Science Centre Singapore,2025 Sep,123.3
Science Centre Singapore,2025 Oct,122.4
Science Centre Singapore,2025 Nov,101.9
Science Centre Singapore,2025 Dec,121.6
Mandai Bird Paradise,2024 Jan,60.7
Mandai Bird Paradise,2024 Feb,71.5
Mandai Bird Paradise,2024 Mar,90.4
Mandai Bird Paradise,2024 Apr,57.4
Mandai Bird Paradise,2024 May,76.1
Mandai Bird Paradise,2024 Jun,97.1
Mandai Bird Paradise,2024 Jul,90.7
Mandai Bird Paradise,2024 Aug,88.5
Mandai Bird Paradise,2024 Sep,70.6
Mandai Bird Paradise,2024 Oct,76.1
Mandai Bird Paradise,2024 Nov,83.7
Mandai Bird Paradise,2024 Dec,92.4
Mandai Bird Paradise,2025 Jan,77.1
Mandai Bird Paradise,2025 Feb,67.1
Mandai Bird Paradise,2025 Mar,77.2
Mandai Bird Paradise,2025 Apr,73.1
Mandai Bird Paradise,2025 May,81.4
Mandai Bird Paradise,2025 Jun,76.8
Mandai Bird Paradise,2025 Jul,73.5
Mandai Bird Paradise,2025 Aug,86.8
Mandai Bird Paradise,2025 Sep,75.6
Mandai Bird Paradise,2025 Oct,71.6
Mandai Bird Paradise,2025 Nov,88.1
Mandai Bird Paradise,2025 Dec,73
Night Safari,2024 Jan,75.4
Night Safari,2024 Feb,98.1
Night Safari,2024 Mar,88.5
Night Safari,2024 Apr,79.2
Night Safari,2024 May,97.5
Night Safari,2024 Jun,101.9
Night Safari,2024 Jul,141.3
Night Safari,2024 Aug,148.7
Night Safari,2024 Sep,74.9
Night Safari,2024 Oct,87.7
Night Safari,2024 Nov,63
Night Safari,2024 Dec,85
Night Safari,2025 Jan,105.1
Night Safari,2025 Feb,86.5
Night Safari,2025 Mar,76.2
Night Safari,2025 Apr,84.8
Night Safari,2025 May,100.3
Night Safari,2025 Jun,90.4
Night Safari,2025 Jul,127.7
Night Safari,2025 Aug,141.5
Night Safari,2025 Sep,73.7
Night Safari,2025 Oct,84.2
Night Safari,2025 Nov,62.5
Night Safari,2025 Dec,82.8
River Wonders,2024 Jan,62.5
River Wonders,2024 Feb,84.8
River Wonders,2024 Mar,77.4
River Wonders,2024 Apr,69.7
River Wonders,2024 May,83.9
River Wonders,2024 Jun,85.1
River Wonders,2024 Jul,108.3
River Wonders,2024 Aug,116
River Wonders,2024 Sep,57.9
River Wonders,2024 Oct,70.3
River Wonders,2024 Nov,58.5
River Wonders,2024 Dec,80.1
River Wonders,2025 Jan,82.5
River Wonders,2025 Feb,69
River Wonders,2025 Mar,62.8
River Wonders,2025 Apr,62.7
River Wonders,2025 May,78.6
River Wonders,2025 Jun,77.6
River Wonders,2025 Jul,89.4
River Wonders,2025 Aug,92.2
River Wonders,2025 Sep,55.4
River Wonders,2025 Oct,63.6
River Wonders,2025 Nov,55.7
River Wonders,2025 Dec,73.8
Singapore Zoological Gardens,2024 Jan,97.8
Singapore Zoological Gardens,2024 Feb,135.9
Singapore Zoological Gardens,2024 Mar,121.6
Singapore Zoological Gardens,2024 Apr,103.4
Singapore Zoological Gardens,2024 May,128.6
Singapore Zoological Gardens,2024 Jun,130.9
Singapore Zoological Gardens,2024 Jul,149.9
Singapore Zoological Gardens,2024 Aug,158
Singapore Zoological Gardens,2024 Sep,92.3
Singapore Zoological Gardens,2024 Oct,113.7
Singapore Zoological Gardens,2024 Nov,103.5
Singapore Zoological Gardens,2024 Dec,130.2
Singapore Zoological Gardens,2025 Jan,118.2
Singapore Zoological Gardens,2025 Feb,109.4
Singapore Zoological Gardens,2025 Mar,97.9
Singapore Zoological Gardens,2025 Apr,106.7
Singapore Zoological Gardens,2025 May,128.5
Singapore Zoological Gardens,2025 Jun,124.1
Singapore Zoological Gardens,2025 Jul,135.7
Singapore Zoological Gardens,2025 Aug,142.1
Singapore Zoological Gardens,2025 Sep,100.8
Singapore Zoological Gardens,2025 Oct,102.6
Singapore Zoological Gardens,2025 Nov,102.7
Singapore Zoological Gardens,2025 Dec,128.3
Jurong Lake Gardens,2024 Jan,0
Jurong Lake Gardens,2024 Feb,0
Jurong Lake Gardens,2024 Mar,0
Jurong Lake Gardens,2024 Apr,0
Jurong Lake Gardens,2024 May,0
Jurong Lake Gardens,2024 Jun,0
Jurong Lake Gardens,2024 Jul,0
Jurong Lake Gardens,2024 Aug,0
Jurong Lake Gardens,2024 Sep,875.7
Jurong Lake Gardens,2024 Oct,737.6
Jurong Lake Gardens,2024 Nov,626.8
Jurong Lake Gardens,2024 Dec,670.5
Jurong Lake Gardens,2025 Jan,547.5
Jurong Lake Gardens,2025 Feb,541.1
Jurong Lake Gardens,2025 Mar,547.8
Jurong Lake Gardens,2025 Apr,561.8
Jurong Lake Gardens,2025 May,559.3
Jurong Lake Gardens,2025 Jun,562.9
Jurong Lake Gardens,2025 Jul,501.9
Jurong Lake Gardens,2025 Aug,528.7
Jurong Lake Gardens,2025 Sep,567.4
Jurong Lake Gardens,2025 Oct,638.4
Jurong Lake Gardens,2025 Nov,548.8
Sun Yat Sen Nanyang Memorial Hall,2024 Jan,4.4
Sun Yat Sen Nanyang Memorial Hall,2024 Feb,10.6
Sun Yat Sen Nanyang Memorial Hall,2024 Mar,3.6
Sun Yat Sen Nanyang Memorial Hall,2024 Apr,4.9
Sun Yat Sen Nanyang Memorial Hall,2024 May,4.1
Sun Yat Sen Nanyang Memorial Hall,2024 Jun,5.1
Sun Yat Sen Nanyang Memorial Hall,2024 Jul,2.8
Sun Yat Sen Nanyang Memorial Hall,2024 Aug,6
Sun Yat Sen Nanyang Memorial Hall,2024 Sep,8.3
Sun Yat Sen Nanyang Memorial Hall,2024 Oct,0
Sun Yat Sen Nanyang Memorial Hall,2024 Nov,0
Sun Yat Sen Nanyang Memorial Hall,2024 Dec,0
Sun Yat Sen Nanyang Memorial Hall,2025 Jan,0
Sun Yat Sen Nanyang Memorial Hall,2025 Feb,0
Sun Yat Sen Nanyang Memorial Hall,2025 Mar,0
Sun Yat Sen Nanyang Memorial Hall,2025 Apr,0
Sun Yat Sen Nanyang Memorial Hall,2025 May,0
Sun Yat Sen Nanyang Memorial Hall,2025 Jun,0
Sun Yat Sen Nanyang Memorial Hall,2025 Jul,0
Indian Heritage Centre,2024 Jan,24.3
Indian Heritage Centre,2024 Feb,18.1
Indian Heritage Centre,2024 Mar,15.5
Indian Heritage Centre,2024 Apr,20.5
Indian Heritage Centre,2024 May,18.3
Indian Heritage Centre,2024 Jun,11.3
Indian Heritage Centre,2024 Jul,22.2
Indian Heritage Centre,2024 Aug,18.2
Indian Heritage Centre,2024 Sep,13.7
Indian Heritage Centre,2024 Oct,43.9
Indian Heritage Centre,2024 Nov,11
Indian Heritage Centre,2024 Dec,6.3
Indian Heritage Centre,2025 Jan,20.3
Indian Heritage Centre,2025 Feb,16.3
Indian Heritage Centre,2025 Mar,13.3
Indian Heritage Centre,2025 Apr,19.4
Indian Heritage Centre,2025 May,17.9
Indian Heritage Centre,2025 Jun,8.6
Indian Heritage Centre,2025 Jul,22.3
Indian Heritage Centre,2025 Aug,17.5
Indian Heritage Centre,2025 Sep,15.1
Indian Heritage Centre,2025 Oct,38.3
Indian Heritage Centre,2025 Nov,12.6
Indian Heritage Centre,2025 Dec,5.9
Malay Heritage Centre,2024 Jan,0
Malay Heritage Centre,2024 Feb,0
Malay Heritage Centre,2024 Mar,0
Malay Heritage Centre,2024 Apr,0
Malay Heritage Centre,2024 May,0
Malay Heritage Centre,2024 Jun,0
Malay Heritage Centre,2024 Jul,0
Malay Heritage Centre,2024 Aug,0
Malay Heritage Centre,2024 Sep,0
Malay Heritage Centre,2024 Oct,0
Malay Heritage Centre,2024 Nov,0
Malay Heritage Centre,2024 Dec,0
Malay Heritage Centre,2025 Jan,0
Malay Heritage Centre,2025 Feb,0
Malay Heritage Centre,2025 Mar,0
Malay Heritage Centre,2025 Apr,0
Malay Heritage Centre,2025 May,0
Malay Heritage Centre,2025 Jun,0
Malay Heritage Centre,2025 Jul,0
Children's Museum Singapore,2024 Jan,12.2
Children's Museum Singapore,2024 Feb,14.3
Children's Museum Singapore,2024 Mar,18.8
Children's Museum Singapore,2024 Apr,11.7
Children's Museum Singapore,2024 May,17.7
Children's Museum Singapore,2024 Jun,22.5
Children's Museum Singapore,2024 Jul,18.1
Children's Museum Singapore,2024 Aug,32.3
Children's Museum Singapore,2024 Sep,22.6
Children's Museum Singapore,2024 Oct,15.6
Children's Museum Singapore,2024 Nov,16
Children's Museum Singapore,2024 Dec,17.3
Children's Museum Singapore,2025 Jan,13.3
Children's Museum Singapore,2025 Feb,11.3
Children's Museum Singapore,2025 Mar,14.5
Children's Museum Singapore,2025 Apr,15.9
Children's Museum Singapore,2025 May,16.7
Children's Museum Singapore,2025 Jun,18.9
Children's Museum Singapore,2025 Jul,16.1
Children's Museum Singapore,2025 Aug,31.8
Children's Museum Singapore,2025 Sep,18.7
Children's Museum Singapore,2025 Oct,13.8
Children's Museum Singapore,2025 Nov,14.2
Children's Museum Singapore,2025 Dec,16.3
Changi Chapel And Museum,2024 Jan,4
Changi Chapel And Museum,2024 Feb,4.9
Changi Chapel And Museum,2024 Mar,5.8
Changi Chapel And Museum,2024 Apr,4
Changi Chapel And Museum,2024 May,4.4
Changi Chapel And Museum,2024 Jun,3.6
Changi Chapel And Museum,2024 Jul,3.5
Changi Chapel And Museum,2024 Aug,3.8
Changi Chapel And Museum,2024 Sep,3.2
Changi Chapel And Museum,2024 Oct,3.6
Changi Chapel And Museum,2024 Nov,3.4
Changi Chapel And Museum,2024 Dec,3.2
Changi Chapel And Museum,2025 Jan,3.3
Changi Chapel And Museum,2025 Feb,4.5
Changi Chapel And Museum,2025 Mar,4
Changi Chapel And Museum,2025 Apr,4.6
Changi Chapel And Museum,2025 May,4.1
Changi Chapel And Museum,2025 Jun,3.1
Changi Chapel And Museum,2025 Jul,4.3
Changi Chapel And Museum,2025 Aug,3.5
Changi Chapel And Museum,2025 Sep,4.6
Changi Chapel And Museum,2025 Oct,4.3
Changi Chapel And Museum,2025 Nov,3.7
Changi Chapel And Museum,2025 Dec,3.2
Reflections At Bukit Chandu,2024 Jan,1.9
Reflections At Bukit Chandu,2024 Feb,3.1
Reflections At Bukit Chandu,2024 Mar,3
Reflections At Bukit Chandu,2024 Apr,2
Reflections At Bukit Chandu,2024 May,2.8
Reflections At Bukit Chandu,2024 Jun,2.3
Reflections At Bukit Chandu,2024 Jul,2.1
Reflections At Bukit Chandu,2024 Aug,3
Reflections At Bukit Chandu,2024 Sep,2
Reflections At Bukit Chandu,2024 Oct,2.6
Reflections At Bukit Chandu,2024 Nov,2.1
Reflections At Bukit Chandu,2024 Dec,2.2
Reflections At Bukit Chandu,2025 Jan,2
Reflections At Bukit Chandu,2025 Feb,3.8
Reflections At Bukit Chandu,2025 Mar,3.4
Reflections At Bukit Chandu,2025 Apr,2.7
Reflections At Bukit Chandu,2025 May,3.1
Reflections At Bukit Chandu,2025 Jun,4.8
Reflections At Bukit Chandu,2025 Jul,3.8
Reflections At Bukit Chandu,2025 Aug,5.7
Reflections At Bukit Chandu,2025 Sep,3.1
Reflections At Bukit Chandu,2025 Oct,2.5
Reflections At Bukit Chandu,2025 Nov,2.5
Reflections At Bukit Chandu,2025 Dec,3.2
Rainforest Wild Asia,2025 Mar,67
Rainforest Wild Asia,2025 Apr,57.7
Rainforest Wild Asia,2025 May,53.6
Rainforest Wild Asia,2025 Jun,72
Rainforest Wild Asia,2025 Jul,56.5
Rainforest Wild Asia,2025 Aug,56.9
Rainforest Wild Asia,2025 Sep,48.2
Rainforest Wild Asia,2025 Oct,42.1
Rainforest Wild Asia,2025 Nov,46
Rainforest Wild Asia,2025 Dec,56.3
Asian Civilisations Museum,2026 Jan,58.5
Asian Civilisations Museum,2026 Feb,60.7
Asian Civilisations Museum,2026 Mar,54.7
National Museum Of Singapore,2026 Jan,82
National Museum Of Singapore,2026 Feb,100.9
National Museum Of Singapore,2026 Mar,66.1
Singapore Art Museum,2026 Jan,265.3
Singapore Art Museum,2026 Feb,250.6
Singapore Art Museum,2026 Mar,226.9
Peranakan Museum,2026 Jan,11.5
Peranakan Museum,2026 Feb,10.6
Peranakan Museum,2026 Mar,18.2
Science Centre Singapore,2026 Jan,69.7
Science Centre Singapore,2026 Feb,74.6
Science Centre Singapore,2026 Mar,94.6
Mandai Bird Paradise,2026 Jan,61.4
Mandai Bird Paradise,2026 Feb,65.6
Mandai Bird Paradise,2026 Mar,63.4
Night Safari,2026 Jan,95.4
Night Safari,2026 Feb,115.3
Night Safari,2026 Mar,83.9
River Wonders,2026 Jan,75.5
River Wonders,2026 Feb,92.8
River Wonders,2026 Mar,69.5
Singapore Zoological Gardens,2026 Jan,111.5
Singapore Zoological Gardens,2026 Feb,122
Singapore Zoological Gardens,2026 Mar,106.4
Indian Heritage Centre,2026 Jan,30.2
Indian Heritage Centre,2026 Feb,14.6
Indian Heritage Centre,2026 Mar,15.8
Children's Museum Singapore,2026 Jan,11.9
Children's Museum Singapore,2026 Feb,12.8
Children's Museum Singapore,2026 Mar,15
Changi Chapel And Museum,2026 Jan,4.3
Changi Chapel And Museum,2026 Feb,5.1
Changi Chapel And Museum,2026 Mar,4.7
Reflections At Bukit Chandu,2026 Jan,3.8
Reflections At Bukit Chandu,2026 Feb,4.5
Reflections At Bukit Chandu,2026 Mar,3.5
Rainforest Wild Asia,2026 Jan,41
Rainforest Wild Asia,2026 Feb,37.8
Rainforest Wild Asia,2026 Mar,39.5
